,20190102T_4324071141213227_2,20190103T_4324353572865882,20190103T_4324413396513332,20190103T_4324415359328442,20190105T_4325116478933171_1,20190105T_4325116478933171_2,20190106T_4325437322908698_1,20190106T_4325575630026998_2,20190106T_4325575630026998_4,20190107T_4325767233677448,20190112T_4327647767028629_1,20190116T_4329109980900814_1,20190116T_4329109980900814_2,20190116T_4329109980900814_3,20190116T_4329109980900814_4,20190116T_4329109980900814_5,20190116T_4329129812223877,20190103T_4324353572865882.1,20190103T_4324413396513332.1,20190103T_4324415359328442.1,20190105T_4325116478933171_1.1,20190105T_4325116478933171_2.1,20190106T_4325437322908698_1.1,20190106T_4325575630026998_2.1,20190106T_4325575630026998_4.1,20190107T_4325767233677448.1,20190112T_4327647767028629_1.1,20190116T_4329109980900814_1.1,20190116T_4329109980900814_2.1,20190116T_4329109980900814_3.1,20190116T_4329109980900814_4.1,20190116T_4329109980900814_5.1,20190116T_4329129812223877.1,20190118T_4329807464835113,20190119T_4330137392391767,20190121T_4330888387451239,20190121T_4331020134667114,20190122T_4331187524825792_2,20190123T_4331574574931928,20190123T_4331611313548699,20190202T_4335380943802276,20190203T_4335674205774577,20190211T_4338470615348285,20190214T_4339552656991710,20190216T_4340374292412305,20190218T_4341102301540881,20190219T_4341521174512428,20190220T_4341721460637650,20190220T_4341750228922865,20190221T_4342064756378769,20190221T_4342099208203180,20190221T_4342113431006468,20190221T_4342141578189295,20190224T_4343172412814811,20190224T_4343174216427186,20190224T_4343212992701277,20190225T_4343621736024192,20190225T_4343713158745733,20190227T_4344419400591349,20190301T_4344963943062409,20190301T_4345016539868489,20190301T_4345043374078790,20190301T_4345068233649260,20190303T_4345687196059189,20190304T_4346061503682861,20190304T_4346087004983220,20190304T_4346157914841460,20190304T_4346161798646977,20190305T_4346445118961447,20190307T_4347295442659644,20190312T_4349155440599240,20190313T_4349307098364240,20190314T_4349729162629547,20190314T_4349794212169639,20190315T_4350118939938229,20190316T_4350398342805169,20190316T_4350430097730987,20190318T_4351129590274468,20190318T_4351164184658425,20190322T_4352566290785077,20190323T_4352967132081326,20190324T_4353332157881782,20190324T_4353404031242886,20190325T_4353693291822625,20190325T_4353735729761732,20190325T_4353747737819713,20190327T_4354449784750935,20190401T_4356227444485854,20190404T_4357384380582756_2,20190408T_4358937459136873,20190409T_4359117181150904,20190409T_4359186513227979,20190409T_4359262895200004_2,20190410T_4359646573254991,20190411T_4359847501377540_1,20190412T_4360200574535140,20190421T_4363544214744630,20190422T_4363810678445006,20190422T_4363983564188286,20190424T_4364647194420691,20190503T_4367981636981723_1,20190504T_4368209018635165_1,20190504T_4368310537798204,20190506T_4368997242217364,20190507T_4369338041352575,20190509T_4370035780755334,20190509T_4370062351424737,20190511T_4370738293233440,20190512T_4371063451746652,20190512T_4371075481563578,20190723T_4397176598103592,20190723T_4397262677228478,20190723T_4397297007841958,20190724T_4397578865035282_1,20190724T_4397583881798695,20190725T_4397875930459845,20190725T_4397982457886708_1,20190726T_4398423329680648_3,20190703T_4389904072751108,20190703T_4390020288967545,20190704T_4390283464316273,20190710T_4392418004517408,20190711T_4392806808597559,20190716T_4394692672325686,20190718T_4395205463651180,20190718T_4395325856480758,20190719T_4395796499656383,20190721T_4396573137831009,20190722T_4396813261866538,20190722T_4396829959113223_1,20190722T_4396829959113223_2,20190722T_4396848368308447,20190723T_4397176598103592,20190723T_4397262677228478,20190723T_4397297007841958,20190724T_4397578865035282_1,20190724T_4397583881798695,20190725T_4397875930459845,20190725T_4397982457886708_1,20190726T_4398423329680648_3,20190729T_4399327944169712,20190730T_4399719935249198,20190801T_4400400209291338,20190802T_4400983004050084,20190804T_4401688884072024,20190805T_4401725101973711,20190805T_4401845914997388,20190805T_4401935924579386_1,20190805T_4401983672427863,20190806T_4402274963002680,20190806T_4402299704788028_1,20190807T_4402568513784806,20190807T_4402739582955367,20190808T_4402953429447996,20190808T_4403039190011245,20190808T_4403046807086425,20190808T_4403057846216977,20190808T_4403065127958269_3,20190808T_4403077232713938,20190808T_4403077232713938,20190809T_4403178835391762,20190809T_4403320569560300,20190812T_4404379954207857,20190812T_4404413319609420,20190813T_4404799526787370,20190813T_4404950375455828_1,20190815T_4405471727728014,20190816T_4405864905284154,20190816T_4405907515155400,20190818T_4406598736939098,20190818T_4406627484292908,20190820T_4407286862324621,20190820T_4407386946775128,20190820T_4407421113910233,20190821T_4407723871012943_2,20190822T_4408086481913582,20190823T_4408406951163182,20190823T_4408566872367538,20190825T_4409105554975078_1,20190826T_4409494555596844_1,20190826T_4409494555596844_2,20190826T_4409531251369279,20190828T_4410229858845168,20190901T_4411855306759216,20190903T_4412226289346496,20190903T_4412355507093396,20190904T_4412611720201662_1,20190904T_4412611720201662_2,20190904T_4412738170189232,20190904T_4412876774865237,20190906T_4413317483692847,20190906T_4413354787031455,20190906T_4413446692764731,20190906T_4413457476479331,20190907T_4413697549963169,20190907T_4413857302550744,20190907T_4414006280245210,20190909T_4414566278443785,20190910T_4415097067678910,20190911T_4415251875356121_1,20190911T_4415278940740791,20190911T_4415295193918412_3,20190911T_4415378899578218,20190913T_4416112516674991,20190916T_4416942976968386,20190917T_4417454883026993,20190917T_4417460436789069,20190917T_4417511669402334_1,20190917T_4417511669402334_2,20190917T_4417547632265631,20190918T_4417824887453593,20190919T_4418157567430675_1,20190920T_4418551861455450,20190923T_4419645685413054,20190923T_4419711452123875,20190924T_4419979774800908,20190926T_4420828643291852_2,20190930T_4422272855190690,20191003T_4423349419464118,20191005T_4424015902618148,20191006T_4424371063915067_2,20191006T_4424371063915067_3,20191006T_4424371063915067_4,20191007T_4424718310820828_1,20191007T_4424855481462912,20191008T_4425088143644059,20191008T_4425202014349646,20191009T_4425405123419115,20230827T_4939381204063134,20230831T_4940763286998779,20230902T_4941595227196203_1,20230902T_4941595227196203_4,20230903T_4941873237985066_1,20230911T_4944790975154308_1,20230922T_4948800549421173,20230924T_4949486898775704_1,20230924T_4949486898775704_4,20230926T_4950172554233420,20230927T_4950549017661971,20230928T_4950922078717367,20230929T_4951273444999681,20230930T_4951743885476986,20231005T_4953452973656658,20231006T_4953801125792088,20231006T_4953898999352024,20231009T_4954959961129896,20231011T_4955642227066867_1,20231011T_4955659718363287_6,20231011T_4955659718363287_8,20231012T_4956001628588345,20231012T_4956077306415098_2,20231016T_4957466468815295,20231016T_4957491870043132,20231017T_4957795481815116,20231019T_4958535888929372,20231021T_4959281185030242,20231025T_4960806309727196,20231029T_4962233591532453,20231102T_4963603805636744_1,20231105T_4964699477381624_2,20231105T_4964721923196972,20231115T_4968341704280284,20231115T_4968379640972041,20231119T_4969780605880907,20231123T_4971222493825668,20231126T_4972318804940069,20231128T_4973120886935262,20231130T_4973657622839898,20231201T_4974225783525064,20231205T_4975562487760252,20231208T_4976661420835996,20231227T_4983529958540220,20231227T_4983552456786850_1,20240113T_4989685814530546_1,20240113T_4989685814530546_2,20240126T_4994473626702142_1,20240126T_4994473626702142_2,20240221T_5003788303469432_1,20240221T_5003788303469432_2,20240221T_5003820985223293,20240228T_5006476352950146,20240229T_5006880794216162,20240308T_5009636052175558,20240313T_5011418954859386_1,20240314T_5011864465183158,20240320T_5014009501978125_1,20240321T_5014323694929773,20240325T_5015795774259852_1,20240326T_5016133222269368,20240402T_5018745091920423,20240412T_5022362750419532,20240416T_5023750100094189,20240522T_5036980141820115,20240527T_5038632270302321_1,20240527T_5038632270302321_3,20240527T_5038632270302321_4,20240527T_5038632270302321_5,20240603T_5041135951810049,20240610T_5043773539353817,20240618T_5046598656853141_1,20240618T_5046598656853141_4,20240618T_5046598656853141_6,20240618T_5046598656853141_7,20240623T_5048482869808722,20240624T_5048841323677712_2,20240624T_5048841323677712_3,20240624T_5048841323677712_4,20240710T_5054548196459134,20240718T_5057452527845822,20240803T_5063275358981444,20240820T_5069423048394744,20240824T_5070863345126179,20240831T_5073404765668331,20240918T_5079926234155533,20240923T_5081776001651255,20240927T_5083180646532545,20240928T_5083685575199060,20241027T_5094168995562227,20241101T_5095900363883678,20241108T_5098391485288194,20241117T_5101693005464179,20241201T_5106776297180994_2,20241204T_5107802270600460
投稿时间（年月日时）,2019/1/2 23:30,9:27 4G（具体日期不明确，只有时间）,20190103T_23:16,2019年1月3日 08:17,2019年1月5日10时14分,2019/1/5 10:14,2019/1/6 12:38,2019/1/6 22:16,2019/1/6 0:14,2019/1/7 9:51,昨天23:54,2025/1/12 6:51,2019/1/12 17:46,2025/1/12 21:05,2025/1/13 11:38,2019/1/16 13:56,2019年1月16日 4:43,2019年1月3日 22时35分,2019/1/3 22:44,昨天 23:38,2019/1/5 10:14,2019/1/5 10:14,2019/1/6 12:38,2019/1/6 22:16,今天00:14,9:51,2019/1/12 23:54,2019-01-12 06:51至2019-01-12 12:22,2025/1/12 17:46,2025/1/12 21:05,2019/1/13 14:05,2019/1/16 13:56,2019/1/16 16:43,昨天14:04,2018年10月,2019年1月21日11:39,2019/1/21 9:53,2018/12/17 21:56,2019/1/23 23:49,2017/8/24,未明确提供，但根据对话内容可推测为2019年2月2日10:29,2019/2/3 2:29,2019/2/11 12:16,2024/2/12 20:46,2019/2/16 17:26,2019/2/18 9:17,2019/2/19 23:10,2019/2/18 21:13,2019/2/20 11:02,2018年10月31日13:53,2019/2/21 7:54,2023/4/5 12:14,2018年2月7日下午3点多,2019/2/24 0:00,2019/2/24 10:50,2019年2月24日 1:28,2019年2月25日,2019/2/23 23:17,9:20,2019/3/1 22:08,2019/3/1 9:30,2019/3/1 17:23,2019年3月1日 17:26,昨天 14:00,昨天 14:31,2019/3/4 11:47,2019/3/4 23:25,2024/3/2 17:55,2019/3/5 11:26,2019/3/7 7:48,2019/3/12 10:58,2019/3/13 14:16,3-1023:27,2019/3/14 13:14,2019/3/15 13:10,2019/3/16 9:17,2019/3/16 11:24,2025/3/15 17:14,2019年3月18日11时32分,2019年3月22日 8时53分,2019/3/23 11:27,2023/3/24 14:58,2019/3/24 14:32,2019/3/25 11:07,2019/3/20 8:10,3月17日,2019/3/27 1:36,2019/4/1 11:22,2019/4/4 2:57,2025/4/6 14:03,2019/4/9 1:59,2019年4月9日 3:19,2019/4/9 16:01,2019/4/10 20:17,2019/4/11 11:07,2019/4/12 10:30,2019/4/21 0:00,昨天 18:02,2019/4/22 14:20,2019/4/24 10:01,2019/5/3 9:45,2019/5/4 0:12,2025/4/17 23:21,2019年4月3日 17:32,2019/5/7 14:01,2019/5/9 14:48,2019/5/9 14:21,2019/5/11 10:23,2019/5/12 19:07,2019/5/12 9:24,2019/7/23 11:11,2019年7月23日15:30,2019/7/23 16:38,2019/7/22 13:53,2019/7/24 23:00,9:35,2019/7/25 16:35,2019/7/26 0:00,2019/7/3 9:03,2019/7/3 17:19,2019/7/4,2019/7/6 12:08,2023-07-11 16:21至2023-07-11 19:04,2025/7/4 10:28,2019/7/18 0:00,2019/7/18 23:13,2019/7/19 16:22,2019/7/21 7:21,2019/7/22 23:43,2019/7/22 19:00,2019/7/18 16:22,2019/7/22 1:31,2019/7/23 9:15,2019年7月23日 15:30,2019/7/23 16:38,2025/7/22 13:53,2019/7/24 23:00,2019/4/7 21:30,2019/7/25 16:35,2019/7/26 0:00,2019/7/29 15:52,2019/7/30 11:36,2019/8/1 18:56,2019/8/2 11:24,"7-11-01:33, 7-11 08:40, 7-11 10:31, 7-11 10:37, 7-11 11:42, 7-11 17:00, 7-11 18:02, 7-12 10:41, 7-12 18:22, 7-12 18:32",2019/5/28 13:59,2019/8/5 8:28,2019/8/5 14:29,2019/8/5 5:35,2019/8/6 12:57,2015年-2018年,2019/8/7 8:24,2019/8/7 15:51,2019/8/8 9:52,2018年12月,2025/7/18 19:09,2019/8/8,2019/8/8 4:40,2019/8/8 6:02,2019/8/8 6:02,2019/6/11 10:18,昨天 21:26,2019/8/12 8:16,2019/8/12 10:33,2019/8/13 14:00,2019/8/13 10:01,昨天11:02,昨天 17:14,2019/8/13 2:28,2019/8/18,2019/8/18 11:07,2019/8/20 0:00,2019/8/20 20:53,2019/8/20 9:24,2019/8/21 1:55,2019-08-22T_4408086481913582,2019-08-23T_4408406951163182,2019/8/23 11:00,2019年8月25日,2019/8/26,2019/8/26 14:13,2025/8/22 14:18,2019/8/28 0:00,2019/9/1 12:59,2019年9月3日 16:36,2019/9/3 0:18,5-1311:10,2019/9/4 23:27,2019/9/4 18:00,2019/9/4 20:56,2019/9/6 0:00,2019/9/6 23:58,2019/9/6 4:15,2019/9/4 19:55,2019/9/7 1:06,6:47,"9-4 13:28, 9-4 15:57",2019-09-09T_4414566278443785,2025/9/8 1:05,2019/9/11 19:38,2019/9/11 0:00,2019/9/11 7:05,2023/9/10 0:00,昨天 23:16,2019/9/16,2019年9月17日08:41,2019/9/12 21:17,2019/9/17 0:00,2019/9/17 13:05,2019/9/17 14:46,2019/9/18 1:34,2019/9/19 0:50,8:29,2019/9/23 11:22,2019/9/19 13:07,2019/9/20 18:48,2025/1/23 15:06,2019/9/30 10:50,2019-10-03T,2019/10/5 10:34,2019/9/16 21:41,2019/9/16 12:48,2019/9/20 21:36,2019/10/7 0:22,2019/10/7 0:00,2019/10/8 0:00,2019/10/8 14:34,2019/10/9 3:22,2023/8/27 0:29,2023/8/31 1:48,2023/8/27 19:15,2023年9月2日 下午3:42,8-2901,2023/9/22 9:41,昨天23:44,2023/9/24 22:28,2023/9/24 21:27,2023/3/21 20:08,2023年9月27日 18:22,2023年9月28日,2023/9/29 5:26,2023/9/30 21:24,2023/10/5 0:22,2023/10/20 10:00,2022/12/31 23:21,2023年10月9日16:46,2023/10/11 21:10,2023/10/11 17:09,2023年10月11日 01:55,2023/10/12 10:27,2023/10/12 0:00,2023/10/16 15:57,2023/10/16 9:00,2023/10/17 10:35,2023/10/19 0:05,2023/10/16 12:08,2023/10/25 14:07,2023/10/29 11:39,5-1214:50,2023/11/5,2022/12/5 1:09,2022/12/16 15:46,10-1807:37,2023/11/19 15:54,4:16,2023/11/26 0:00,昨天18:40,2023年11月30日上午6:03:53,"2023-11-23 02:19, 2023-11-23 02:27, 2023-11-23 02:40, 2023-11-23 02:48, 2023-11-23 03:08",2023/12/5 17:49,2023/12/8 0:00,2023/12/27 0:00,2023/12/25 1:48,2023/12/31 9:11,2023年12月5日07:42,2020/12/6 20:28,2024/1/26 16:15,2/15晚上20:32,2024/2/21,2024/2/7 9:03,2024/2/28 14:04,2024/2/29 6:43,2024/3/8 0:00,2024-03-13T_5011418954859386_1,2024-03-14T00:00:00,2024-03-20 06:41至09:18,22-7-800:02,2024/3/25 14:33,2023/12/21 13:44,2024年2月1日10时37分,2024/4/12 0:00,星期五23:26,2024/5/22,2024/5/27 13:05,2024/5/27 22:33,2024/5/27 15:37,2024/5/27 1:37,09:37-09:53,2024/6/10 0:00,2024/6/18 15:55,2024/6/18 2:03,2024/6/18 12:21,2024-06-18 12:35-13:04,2024/2/29 2:47,2023/12/22上午11:19,2024/6/24 12:12,2023/12/22上午11:44,2024/7/10 8:15,2024/7/18 8:42,2024/7/7 15:30,2024/8/16 10:35,2024/6/22 11:07,2024/8/31 0:00,2024/9/18 0:00,2023年9月23日23时49分,2024/9/27,2023/9/21 17:47,2024/10/27 9:24,2024/11/1 0:00,2024年11月8日11:46,2024/11/17 19:38,11月26日1:01,2024/12/4 17:13
投稿人与赌博人的关系,本人,未明确说明，可能是朋友或亲人,兄弟,投稿人是赌博人本人,兄弟,兄弟,朋友,子女,子女,朋友,未提及,投稿人即赌博人,家人,家人,本人,母子,本人,投稿人是赌博人的兄弟,兄弟,朋友,兄弟,兄弟,本人,子女,子女,兄弟,未明确,投稿人即为赌博人,家人,家人,本人,母子,本人,夫妻,本人,男女朋友,哥哥的女朋友,未提及,朋友,接待过,投稿人是赌博人本人,本人,恋人,本人,本人,本人,侄子/侄女,朋友,本人,家人,妻子,朋友,父子,本人,本人,本人,同学,朋友,本人,弟弟,未提及,投稿人是赌博人的前女友,夫妻,投稿人是赌博人的弟弟/妹妹,男女朋友,未提及,本人,姐弟,朋友,兄妹,男朋友,投稿人是赌博人本人,朋友,本人,投稿人是赌博人本人,夫妻,本人,本人,姐夫,本人,哥哥,本人,同事,本人,本人,本人,家人,本人,母子,本人,本人,本人,母子,兄弟,男女朋友,子女,未提供,无明确关系,妻子,朋友,本人,本人,前男友,本人,母子,男女朋友,夫妻,本人,夫妻,本人,男女朋友,本人,男女朋友,未提供,戒社社长-戒戒与赌博人的关系未明确,男女朋友,未知,未提及,本人,博彩公司财务与赌博人,本人,本人,嫂子,投稿人是赌博人本人,姐姐,本人,朋友,前女友,未明确说明,朋友,投稿人与赌博人的关系不明确,未提及,恋人,投稿人即是赌博人,男女朋友,未提供,戒社社长,女朋友,不明,群友,未明确说明,本人,投稿人本人,本人,兄弟,家属,朋友,男女朋友,朋友,认识,本人,朋友,本人,前妻,姐姐,本人,女儿,未提供,本人,本人,戒社小哥哥本尊,表亲,本人,本人,社长,同为赌博人,表兄弟,未明确说明,本人,前女友,朋友,恋人,男女朋友,本人,未提供,子女,母子,未明确说明,未明确说明,朋友,未提及,男女朋友,未提及,未明确说明,夫妻,本人,同学,朋友,朋友,未知,未提供,本人,投稿人是赌博人本人,本人,女朋友,恋人,未明确说明,本人,本人,未知,子女,朋友,亲戚家的哥哥,未明确说明,本人,投稿人与赌博人是夫妻关系,男女朋友,朋友,朋友,父子,父子,本人,本人,本人,妻子,本人,朋友,亲生父亲,本人,未知,陌生人,陌生人,网恋关系,姐姐,子女,发小,本人,本人,前妻,姐夫,表姨与表妹,表妹,大学舍友,本人,继父,游戏cp,父子,夫妻,侄子/侄女,未婚夫,投稿人本人,粉丝,邻居,外甥,本人,前男友,好友,前配偶,初高中同学,前任,本人,前妻,投稿人本人,姐弟恋,妻子,妻子,本人,投稿人是戒社，与赌博人的关系未知,女儿,堂弟,未明确说明,投稿人是赌博人的女朋友的现男友,女儿,本人,高中同学，高考结束后在一起,子女,本人,,男女朋友,兄妹,妻子,未提供,本人,夫妻,未明确说明,本人,未知,堂兄妹,投稿人是赌博人本人,外甥/外甥女,夫妻,儿子的女朋友,妻子,表哥,兄妹,投稿人即是赌博人本人,夫妻,女儿,子女,夫妻,姐弟,子女,恋人,堂兄,未明确说明,未提及,兄弟,夫妻,本人,女友的前妹夫,未明确,不明,未提供,夫妻,未知,朋友,小舅子,本人,本人,妻子,本人,前夫前妻,前同事,男女朋友,本人,恋人关系,投稿人是赌博人的亲戚,夫妻,朋友,本人,女儿,外甥,姐姐
赌博人性别,女,未明确说明,男,未提及,男,男,男,男,未提及,男,未提及,未提及,未提及,女,男,男,男,男,男,未提及,男,男,男,男,未提及,男,未明确,未提及,未提及,未知,男,男,男,男,女,女,女,未提及,男,男,未明确提供,男,男,女,男,女,男,男,男,男,男,男,男,男,男,男,女,男,男,男,未提及,男,男,未提及,男,未提及,男,女,男,女,男,女,女,男,男,男,男,男,男,男,男,女,男,男,男,男,未提及,男,男,未提及,未提及,未提及,男,男,男,男,未提供,男,男,女,男,女,男,未知,女,男,男,男,男,未提及,男,女,男,未提供,未提及,男,未知,未提及,男,未提及,男,未提及,女,男,男,女,男,男,男,男,不明确,未提及,男,女,男,未提供,未提及,男,不明,未知,未明确说明,男,女,未提及,男,未提供,男,男,未提及,男,男,男,男,男,未提及,未提及,男,未提供,未提及,未提及,未提及,男,未提及,男,未提及,未提及,男,未提及,男,男,男,男,女,男,未提供,女,未提及,未明确说明,未明确说明,女,未提及,男,未提及,未明确说明,男,未提及,,男,男,未知,未提供,男,未提及,未提及,男,男,未明确说明,未提及,男,未知,男,男,男,未明确说明,男,男,男,未提及,男,男,男,未提及,未提及,未提及,男,未提及,女,男,未提及,男,男,男,男,男,男,未知,未知,未提及,男,男,女,未提及,男,男,男,女,男,男,男,男,女,未提及,女,男,未提及,男,男,未提及,男,男,男,男,女,男,男,男,男,未知,男,男,未明确说明,男,男,男,男,男,男,,女,男,男,未提供,男,男,未明确说明,男,未知,男,男,女,男,男,男,男,男,男,男,女,女,男,男,男,男,男,未明确说明,未提及,男,男,未提及,男,未明确,不明,未提供,男,未知,女,男,未提及,男,男,未提及,男,男,男,女,男,男,男,男,未提及,男,男,男
年龄,不详,未明确说明,,19岁,未提供,未提及具体年龄,,不详,未提及,,未提及,18岁,未提及,,,,未提及,未提供具体年龄,未提供,19岁,,未提及具体年龄,,不详,未提及,,未明确,18岁,未提及,未知,,,,30岁,1991年生,,不详,未提及,在校大学生,未提及,18岁（2016年）,大学生,17岁时在一起，推算年龄约24岁,30多岁,大三学生,大一学生，年龄未明确,不详,22岁（师范生，今年六月份毕业）,大学生,未知,年轻,未提供具体年龄，但提到“你这么年轻”，推测为青年,21岁,未提供,中年,未提供,20岁左右,,,未提及具体年龄，但根据描述推测为20-30岁之间,未提及,未提供具体年龄,未提及,大学生,比投稿人大5岁,未提及,25,30多岁,未知,18岁结婚，具体年龄未提及,未提供,未提供具体年龄,,不详,18,,,七八年前开始赌球，具体年龄未提及,未提供,未提供具体年龄，但提到大学时期，推测20-30岁之间,未提供,未提供,快30岁,未提及,大学生,高三学生,未提及,29岁,未提供,未提及,未提及,未提及,,未知,大学期间,,未提供,大三学生,,大学新生,25,24,未提及,未知,未提供,,未提及,未提供,,未提及,27岁,未提供,,未提供,未提及,未提及,未知,未提及,未提供具体年龄,未提及,24,未提及,未提及,24岁,25,未提及,不详,未提供,未提供,不详,90后,未提及,27,未提及,,未提供,未提及,未提供具体年龄,不明,未知,未明确说明,未提供具体年龄,未提供具体年龄,未提及,,未提供,大学生,90后,未满18岁,未提及,不详,未提及,未提供具体年龄,未提供,未提及,未提及,未提供,未提供,高中毕业，约18岁,高中毕业,未提及,不详,大学生，年龄未具体提及,不详,未提及,未提及,未提及,未提及,未提及,未提供,17岁,不详,未提供,未提及,未提供,不详,未提及,未明确说明,未明确说明,未提及,未提及,未知,未提及,未明确说明,未提及,大三大四学生，年龄大约20-22岁,,未知,不详,未知,未提供,不详,未提及,大三学生,,今年刚毕业,未明确说明,未提及,90后,未知,,大二学生,不详,未明确说明,22,未知,,未提及,未知,30多岁,不详,未提及,未提及,未提及,未提及,22,90后,未提供具体年龄，但根据故事背景推测可能在40-50岁之间,未提及,未知,85后,不详,未提及,未提供,未知,未知,大学刚毕业，工作两年,未提及,40,不详,12岁,未成年,不详,29,不详,00后，大三学生,不详,不详,50多岁,未提及,未明确提及，但根据文中信息推测为20多岁,大二学生,不详,四十多岁,19岁,不详,不详,未提及,,比投稿人大一岁,,未提供具体年龄，但提到19年结婚，推测年龄在30岁左右,24岁,27,1995年生,未提供,21,未知,未提供具体年龄，但提到17.8岁与配偶在一起，20岁不到就有了女儿,30多岁,大一学生/大四学生/研究生,未提及,,22岁,大四学生,,10年du狗,,未提及,不详,,未提供,28岁,不详,未明确说明,21岁（1999年出生）,未知,31岁,31岁（1993年出生）,,未提供,60多岁,未提供,不详,25,1998年出生，年龄26岁,未提供,未提供具体年龄,70后,未提供,不详,不详,不详,16,未明确说明,未提及,,,未提及,不详,未明确,不明,未提供,,未知,,,未提及,38,未提及,未提及,96年,不详,,未提供具体年龄,未提及,未提供具体年龄,未提供,不详,22岁,不详,14岁时开始接触赌博，具体年龄未提及,24岁
职业,不详,事业单位工作,,未提及具体职业,未提供,未提及具体职业,,打工,广东打工,,未提及,未提及,未提及,,,,销售,事业单位工作，工资不高,学生,未提及具体职业,,未提及具体职业,,打工,广东打工,,未明确,未提及,未提及,未知,,,销售,未知,未提及,,不详,未提及,学生,未提及,未明确提供,无,退伍军人,未提及,学生,学生,不详,师范生，目前在小学实习,学生,未知,未提及,未提供,不详,未提供,不详,未提供,大学生,,,工作一两年,未提及,未提供具体职业,未提及,学生,服务员,未提及,普通职工,家庭主妇,有稳定工作,打工，具体职业未提及,未提供,未提供具体职业,上班和开网店,不详,大学生,,,未提及,未提供,学生,未提供,未提供,业务员,普通上班,学生,学生,未提及,未提及,未提供,打工,未提及,未提及,,未知,学生,,未提供,学生,,学生,原国企员工,无工作,未提及,未知,未提供,,未提及,公务员,事业单位,未提及具体职业,当兵的,未提供,,未提供,未提及,未提及,未知,未提及,学生,博彩公司财务,未提供,未提及,会计,未提及具体职业,未提供,国家事业单位工作,不详,未提供,未提供,不详,超市工作,未提及,军人,未提及,,未提供,未提及,未提供具体职业,不明,未知,未明确说明,学生,未提供具体职业,未提及,工厂工人,未提供,学生,未提及,学生,老师,不详,文职,在日本读硕士,外企管理者,未提及,未提及,未提供,未提供,学生,学生,未提及,不详,大学生,学生,未提及,未提及,未提及（但提到被公司炒了）,未提及,未提及,未提供,学生,私企工作,未提供,未提及,未提供,不详,未提及,未明确说明,未明确说明,未提及,未提及,卖烤鱼,未提及,未明确说明,开公司,学生,,医生,不详,未知,未提供,学生,学生（大专）,学生,有工作,学生,未明确说明,销售,实习后失业，后重新找到工作,未知,,学生,国企员工,未明确说明,陪玩,未知,未提及,未提及,未知,不详,学生,未提及,程序员培训学员,未提及,上班,失业,有技术的工作,公务员,未提及,未知,水果批发生意,不详,未提及,未提供,未知,未知,上班族,未提及,国企员工,送外卖、工厂打工,学生,未提及,无固定职业,未提供,大学教授,学生,不详,不详,曾经挖矿，后创业失败,B队,奶茶店工作，陪玩，软件兼职,学生,老师,不详,高中生,餐馆打工,不详,未提及,,体制内,,帮其亲属做生意,研究生,公职人员,不详,未提供,大三在校生,未知,出租车司机,无固定职业,学生,未提及,跑外卖、两班倒工作,去年大学毕业，准备去公司上班,学生,饭店工作，后开饭店,不详,,未提及,网管、快递（未实际工作）,,未提供,外卖员,不详,未明确说明,体育馆工作，月薪2600,未知,无业,无固定职业，曾做过保安、打零工等,美容行业,未提供,废品工作站,事业编,不详,曾有月薪7k左右的工作，后辞职,电商相关工作，具体为CS（客户服务）,未提供,未提供具体职业,会计，后在外公店里上班,未提供,学生,不详,学生,职高学生,未明确说明,未提及,,,未提及,不详,未明确,不明,未提供,,未知,,,英国在读留学生,自动化测试,未提及,未提及,研究生,海外出差岗位,,未提供具体职业,未提及,灰色收入发家，后因国家管控收入来源被切断,销售,离职（前客服）,大四刚毕业在家待业考公务员的大学生,国企员工,洗衣坊老板（后关闭），拉货工作（几个月）,保安（退学后）
社会地位,不详,未明确说明,,未提及,未提供,未提及具体社会地位,,不详,未提及,,未提及,未提及,未提及,,,,未提及,未提供具体社会地位,未提供,未提及,,未提及具体社会地位,,不详,未提及,,未明确,未提及,未提及,未知,,,,未知,未提及,,不详,未提及,学生,未提及,未明确提供,无,士官,未提及,五线城市大三学生,大学生,不详,学生，未来人民教师,在校大学生,未知,未提及,未提供,不详,未提供,不详,未提供,学生,,,未提及,未提及,未提供具体社会地位,未提及,小康家庭，表面风光,未提及,未提及,普通职工,中产阶级,普通,较低，初中未毕业，社会地位不高,未提供,未提供具体社会地位,,不详,学生,,,未提及,未提供,未提供,未提供,未提供,老员工6、7年,普通,在校大学生,无,未提及,未提及,未提供,未提及,未提及,未提及,,未知,学生,,未提供,无明确描述,,大学生,无详细描述,无明确社会地位,未提及,未知,未提供,,未提及,较高,,未提及,军人,未提供,,未提供,未提及,未提及,未知,未提及,大专学生,未提及,未提供,未提及,未提及,未提及具体社会地位,未提供,未提及,不详,有好的学历好的工作,未提供,普通,不明确,未提及,普通军人,未提及,,未提供,未提及,未提供具体社会地位,不明,未知,未明确说明,大专学生，机电一体化专业,未提供具体社会地位,未提及,,未提供,未提及,未提及,未提及,体制内，学校高层职务,不详,未提及,学生,高材生,未提及,未提及,未提供,未提供,未提及,未提及,未提及,不详,未提及,不详,未提及,未提及,家境殷实,未提及,一般家庭,未提供,无,班长,未提供,未提及,未提供,不详,未提及,未明确说明,未明确说明,未提及,未提及,普通,未提及,未明确说明,未提及,未提及,,中等,不详,未知,未提供,学生,未提及,未提及,,未提及,未明确说明,未提及,实习生，后失业，再就业,未知,,学生,有为青年,未明确说明,无明确社会地位,未知,,未提及,未知,不详,不详,未提及,未提及,未提及,未提及,未提及,未提及,曾经风光，后因赌博和涉黑地位下降,未提及,未知,普通,不详,未提及,未提供,未知,未知,一般,未提及,普通工薪家庭,较低,离异家庭孩子,未提及,不详,未提供,较高（大学教授）,学生，无具体社会地位描述,不详,不详,曾经相对富有，后因赌博负债,未提及,未明确提及，但根据文中信息推测为较低社会地位,211大学学生,干部级别,不详,未提及,不详,不详,未提及,,不详,,未提供具体信息,在游戏玩团里被捧着，有虚荣心满足,公职人员,小县城的人,未提供,学生,未知,未提供具体信息，但提到爷爷条件较好，父亲曾开出租车,较低,未明确说明,未提及,,普通职员,家庭条件好，上海念大学，一个月有两万的生活费,,不详,,未提及,较低,,未提供,农村家庭出身,不详,未明确说明,较低，工作强度一高就受不了,未知,光棍,较低，退伍后无稳定工作,,未提供,低,未提供,不详,较低，因赌博导致负债累累,无明确社会地位描述，但提到与开工厂的老板交往，可能属于中下层社会地位,未提供,未提供具体社会地位,普通富裕家庭,未提供,不详,较低,不详,农村学生,未明确说明,未提及,,,未提及,不详,未明确,不明,未提供,,未知,,,留学生,大专文凭，工厂工作背景，后转为软件测试,未提及,未提及,研究生学历，月稳定工资一万多,不详,,未提供具体社会地位,未提及,较高，曾经一晚上能消费几十万,未提供,不详,大学生,985高材生，曾为白领,普通家庭出身，父亲是村里唯一的医生,二本本科临床专业学生（退学）
身体健康程度,较差（失眠、头疼、月经失调、抑郁倾向）,未明确说明,,未提及,未提供,压力山大，整个人樵了很多，白发也有了很多,,不详,未提及,,未提及,未提及,未提及,,,,未提及,未提供具体身体健康程度,未提供,未提及,家人身体不好,压力山大，整个人樵了很多，白发也有了很多,,不详,未提及,,未明确,未提及,未提及,未知,,,,未知,未提及,,不详,未提及,未提及,未提及,未明确提供,无,不详,未提及,未提及,未提及,不详,未提及,未提及,头痛、叹气,未提及,未提供,不详,未提供,不详,未提供,未提及,,,未提及,未提及,未提供具体身体健康程度,未提及,未提及,未提及,未提及,未提及,未提及,未知,未提及,头发白了很多，并且一抓掉一大把，每天就吃一顿，肠胃病都还没好,未提供具体身体健康程度,,不详,未提及,,父亲被气病,未提及,未提供,较差，体重从178斤降至110斤,隔些天就吐血，未去检查,未提供,未提及,未提及,未提及,无,未提及,未提及,未提供,未提及,未提及,未提及,,未知,未提及,,未提供,无明确描述,,未提及,无详细描述,未提及,未提及,未知,未提供,,未提及,未提供,,未提及,未提及,未提供,,未提供,未提及,未提及,未知,未提及,未提供,未提及,未提供,未提及,未提及,未提及具体健康程度,未提供,未提及,不详,未提供,未提供,不详,脑子热,未提及,未提及,未提及,,未提供,未提及,未提供具体身体健康程度,不明,未知,未明确说明,未提供具体信息,未提供具体身体健康程度,未提及,,未提供,未提及,未提及,未提及,未提及,不详,未提及,未提供,失去性功能一年多，突然脱发,未提及,未提及,未提供,未提供,未提及,未提及,未提及,不详,视力一落千丈,不详,未提及,未提及,未提及,未提及,父亲前几年开车腿摔断,未提供,无,不详,未提供,未提及,未提供,不详,未提及,未明确说明,未明确说明,未提及,未提及,较差,未提及,未明确说明,未提及,未提及,,未知,不详,未知,未提供,不详,未提及,未提及,,未提及,未明确说明,未提及,未提及,未知,,未提及,不详,未明确说明,未提及,未知,,未提及,未知,不详,不详,未提及,未提及,未提及,未提及,未提及,未提及,曾经因涉黑被砍伤头部，后来逐渐老实,未提及,未知,不详,不详,未提及,未提供,未知,未知,未知,未提及,未提及,不详,一般,未提及,不详,未提供,不详,精神不太好，有自杀倾向,不详,不详,未提及,未提及,情绪不稳定，有抑郁症状，胃不好,健全的身体,不详,不详,未提及,不详,不详,未提及,,不详,,未提供具体信息,失眠严重，服用精神类药物,未提及,不详,受伤住院,未提及,未知,未提供具体信息，但提到酗酒后行为暴躁,身体毛病挺多,未明确说明,未提及,高血压,未提及,未提及,,不详,,未提及,不详,,未提供,未提及,不详,未明确说明,不好，常年熬夜不运动不吃饭,未知,未提及,一般，有膝盖剧痛情况,,未提供,胃肿瘤手术后,未提供,不详,较差，曾吞安眠药自杀,曾因自发性气胸做手术，身体健康程度受影响,未提供,乳腺癌患者,肥胖，行动不便，反复耽误治疗,未提供,不详,较差（糖尿病晚期，瘫痪）,不详,未提及,未明确说明,未提及,,,未提及,不详,未明确,不明,未提供,,未知,,,未提及,未提及,未提及,未提及,未提及,不详,,未提供具体身体健康程度,未提及,未提供具体信息,未提供,不详,较差，体重增加30斤，掉头发,积劳成疾,未提及,未提及
家庭成员及职业,父母（父亲职业不详，母亲职业不详）,弟弟，小学,父母,未提及,家人，具体职业未提供,父母，职业未提及,母亲生病,父母（职业不详）,父母,家有房子，但已卖掉,未提及,未提及,哥哥（创业，贷车贷款）,,家人（具体职业未提及）,母亲,父母,有一个弟弟，小学；父母未提及职业,父母（具体职业未提供）,未提及,家人,父母，具体职业未提及,母亲生病,父母,爸，妈,家里把房子卖了,未明确,未提及,哥哥（创业）,家人,家人（具体职业未提及）,母亲,父母,孩子未满周岁，父母已知此事,父母，职业未提及,,母亲（承担债务）,未提及,未提及具体职业,未提及,父亲，母亲,父母,父亲（高血压），母亲（心脏病），姐姐（具体职业不详）,母亲，未提及职业；父亲，未提及职业,父母（离婚一年，偶尔还在一起住）,母亲，具体职业未提及,父亲（每月挣的钱都拿去喝酒）,父亲（月收入5000元，身体状况不佳），母亲（服务员，月收入1800元）,父母（借钱时哭着求别人）,父亲（老汉儿）、母亲（亲妈）,妻子（小陶），公公，婆婆，两个孩子（一个两岁，一个几个月大）,未提供,妻子（母亲），儿子（投稿人），大伯母（职业不详）,父亲：未提供职业；母亲：未提供职业,父母，前妻，两个孩子,"父母（已卖房）, 老婆（多次给予机会）",未提及,,母亲（有心脏病）,父亲无工作能力，母亲支撑家庭，大哥工资补贴家用,未提及,投稿人外婆、投稿人母亲、投稿人小姨（外婆的女儿）、投稿人表弟（小姨的儿子）,妻子（投稿人），小孩（5个月）,姐姐（出国留学）,未提及,未提及,父母（普通职工）,丈夫（工作情况未提及），孩子（未成年）,母亲，职业未知,父母，妹妹（赌博人），孩子，具体职业未提及,母亲，职业未提供,父母，具体职业未提供,姥姥和姨，父亲（具体职业未提及）,父母,未提及具体职业,妻子（投稿人）,父亲，姐姐，母亲，女朋友,母亲，老婆，具体职业未提及,老婆（未提及职业）,父母，具体职业未提供,哥哥，父亲，母亲,老公（外地工作）,父母，住在农村平房，具体职业未提及,父母（普通上班）,父母,母亲，日工资100元，有时还不到,父母,母亲,母亲,未提及,未提及,未提及,母亲，职业未知,父母,未提及,父亲,未提供,父母,妻子（微整中介兼职，微商），女儿,父母，母亲已替其还债,父母，母亲有电话联系,母亲（单亲家庭）,父母,父母,儿子（外地工作），前夫（离异）,父母,妻子（补习班老师兼文具店老板）,父母、兄弟姐妹、老公（具体职业未提供）,妻子（企业工作），孩子，父母（事业单位）,父亲,父母，家庭很穷，具体职业未提及,妈妈，爷爷奶奶,父母,未提供,未提及,父亲（未提及职业）,未知,未提及,爷爷奶奶（退休）,未提及,妻子，儿子6个月大,未提及,父母（文化程度不高，强势），一个姐姐（职业未提及），一个哥哥（职业未提及）,已婚，有孩子（6个月大），父母,父母、妻子、五岁儿子,老公，两个儿子,母亲，50多岁，在超市工作,父母，外地农村，条件不好,父母，职业未提供,母亲50多岁，在超市工作,母亲在超市工作,未提及,父母，家庭贫困，具体职业未提及,母亲，爷爷奶奶（具体职业未提及）,父母,未提供,未提及,父亲（具体职业未提供），母亲（具体职业未提供），赌博人是家中独子,不明,未知,未明确说明,爷爷奶奶（退休）,未提供具体家庭成员及职业,父母，职业未提及,舅舅（工地）,未提供,父母,父母，游手好闲，有多少用多少的人,未提及,老婆在医院工作,父母，职业不详,未提及,未提供,妻子（投稿人），孩子（5岁），父亲，母亲,姐姐，爸爸，妈妈,父母，老公,母亲（职业未提供），弟弟（职业未提供），女儿（原职业未提供，后辞职）,未提供,父母，职业未提及,父母，职业未提及,未提及,舅舅、舅妈、嫂子（已离婚）、两个小外甥,母亲，职业未提及,不详,未提及,父母，之前出过车祸，家里付出很多,四兄妹，表哥最小，姑妈姑父，嫂子，两个小孩,未提及,父亲（无工作）、母亲（做手工活）,父母，具体职业未提供,父母,父母（解决赌博债务）,单亲家庭，父母离异,父亲,未提供,爷爷奶奶、前夫、同母异父的弟弟、外婆,母亲,未明确说明,未明确说明,有小孩,未提及,弟弟（提供赌博网站）,未提及,未明确说明,妻子，孩子，父母（农民）,父亲，未提及职业,父亲,父母,父母,未知,未提供,父亲,爷爷、奶奶（退休）,父母,,父母,未明确说明,未提及,父亲（具体职业未提及）,未知,,未提及,妻子（年轻），女儿（幼儿园），父母（退休），姑姑、舅舅（愿意帮助），爷爷奶奶（耄耋之年）,父母，孩子,父亲，哥哥（坐牢）,投稿人（妻子）,未提及,未提及,未知,父亲（欠债者），母亲（家庭主妇），哥哥（文化低，工资低）,父亲（赌博）,未提及,未提及,未提及,妻子（全职在家带孩子），孩子（10个月），父亲（再婚），爷爷、奶奶（养大投稿人），父亲再婚生的小孩（年龄未提及）,父母，职业未提及,母亲，具体职业未提及,亲生母亲（脾气温和），养母（公务员），弟弟（年龄不详），亲生父亲（公务员，赌博人）,父母,未知,父母无工作,不详,父母，职业未提及,父母，职业未提供,妻子（已提出离婚），儿子（投稿人），女儿（弟弟）,未知,未提及,父母，职业未提及,父母为退休工人，有一个女儿,大姐（投稿人妻子）、二姐、岳父、岳母、孩子（母亲不详）,小姨（单亲母亲，职业未提及），父亲（赌博，出轨，家庭暴力），爷爷（打工），奶奶（挖草药）,未提及,父亲，母亲（八十多岁，双眼失明）,老婆，孩子（3岁）,妻子（投稿人母亲，职业不详），儿子（投稿人），弟弟（投稿人弟弟）,父亲：借钱，疑似网赌或网贷；母亲：情况与父亲相似,父亲（赌博人），母亲，奶奶，爷爷,不详,妻子（姑姑），女儿（表姐）,父母,父亲（赌博输钱），母亲（无具体职业提及），哥哥（无具体职业提及）,父母,丈夫（工作需要经常出差），儿子（高三学生）,妻子（无工作，不挣钱），女儿（初一学生）,未提及,哥哥（具体职业不详）,父母（好友父母）,未提及,,父母均为赌徒,,两个女儿，前妻为宝妈,母亲，具体职业未提及,父亲是做工程队的,两个孩子，公公婆婆,妻子，孩子，公公（性格内向）,父母，具体职业未提及,未知,父亲（出租车司机），母亲（能吃苦，具体职业未提供），爷爷（条件较好），奶奶（有房产），女儿（投稿人）,"姑姑（农村务工）,姑父（不详）,堂妹（稳定工作）",爸爸（有10万公积金），妈妈（癌症去世）,未提及,妻子（家庭主妇）、女儿（学生）,父亲,父母，姑姑一家因赌博家破人亡，父亲极度憎恶赌博,妻子：饭店工作；外婆：无职业；子女：无职业,父母（身体不好，带小孩），老婆（有工作，带小孩主力军）,,未提及,父亲（货车司机、鱼塘养殖），母亲（电工专业、家庭主妇），投稿人（设计师）,父母,未提供,父母（六十多岁）,妻子，龙凤胎宝宝（19个月）,孩子,父亲（精神病人，无法工作），母亲（无工作），奶奶（退休，有退休金和养老保险），弟弟（出国留学）,未知,父亲（未提及职业），母亲（未提及职业），堂妹（未提及职业）,父亲在工地工作，母亲残疾人且精神有问题,外甥/外甥女（学生），丈夫（职业不详），女儿（学生）,未提供,儿子（积蓄50万），母亲（智商10岁）,"妻子（同事介绍认识）, 父母（具体职业未提供）",姑姑（饭店后厨做饭），姑父（工地上班）,父亲、母亲（体力劳动者），妹妹（大学生）,父亲从事工地艺术漆工作，母亲职业未提及,孩子8个月大，双方父母,父亲（事业单位，工作稳定），母亲（赌博），妹妹（初三学生）,外公（化工店老板），外婆（工厂工人后为家庭主妇），父亲（农村大学生，小县城工作），母亲（赌博人）,妻子（211本985研），双方父母（均为本科，体制内工作）,父亲（经济来源），母亲（家庭主妇），姐姐（不详）,妻子（打工），哥哥（电商公司老板），子女（大学毕业生，医生）,不详,爷爷的弟弟的孙子,未明确说明,未提及,,孩子，父母（父亲有工作）,未提及,有一个女儿,父母，未提及职业,不明,未提供,,未知,,老婆,父母在北京做小生意，表哥在天津帮忙打理店铺,父母为农民，父亲在工地工作，母亲在腊味厂做广东腊肠,妻子（投稿人），女儿，公公（照顾中风的婆婆）,未提及,父母，奶奶，具体职业未提及,女朋友,父母，无退休金,父母，职业未提供,投稿人是留守儿童，父母职业未提及,前妻（两个女儿），大姐姐（无具体职业），二姐姐（无具体职业）,母亲，哥哥（未婚）,不详,父母，弟弟（211大学生）,妻子（已故），女儿,父亲（医生），母亲，两个姐姐，一个哥哥（有稳定收入的工作）,父亲（性格不稳定，家暴，无责任心），母亲（外地工作），姐姐（医疗工作）
是否单亲/离异家庭,不详,未明确说明,,未提及,未提供,未提及,,不详,未提及,,未提及,未提及,未提及,,,,否,未提供具体信息,否,未提及,,未提及,,不详,未提及,,未明确,未提及,未提及,未知,,,否,否,否,,不详,未提及,未提及,未提及,否,否,否,单亲家庭,是,未提及,是,否,未提及,否,否,未提供,否,否,是，离异家庭,未提供,未提及,,,否,未提及,未提供具体信息,否,未提及,未提及,未提及,否,否,未知,否，但妹妹（赌博人）与丈夫未领证，实际已分居,未提供,未提供,是,不详,未提及,否,,未提及,未提及,否,未提供,否,未提及,否,未提及,无,未提及,未提及,未提供,未提及,未提及,未提及,,否,未提及,,未提供,否,否,否,否,是,未提及,未知,离异,,未离异,否,离异,未提及,未提及,未提供,否,未提供,未提及,否,未知,未提及,否,未提及,否,未提及,否,否,否,否,不详,未提供,未提供,不详,不明确,未提及,否,未提及,,未提供,未提及,否,不明,未知,未明确说明,否,未提供具体信息,未提及,,未提供,否,未提及,未提及,离异,不详,未提及,未提供,离异家庭,否,未提及,否,未提供,否,未提及,未提及,否,未提及,不详,未提及,未提及,否,未提及,否,未提供,否,否,是,未提及,未提供,是,未提及,未明确说明,未明确说明,未提及,未提及,未知,未提及,未明确说明,否,未提及,,否,否,未知,未提供,不详,否,未提及,,未提及,未明确说明,未提及,未提及,未知,,未提及,否,未明确说明,否,即将成为离异家庭,,未提及,未知,否,不详,未提及,未提及,未提及,是，自幼父母离婚,未提及,未提及,否,未提及,未知,否,不详,未提及,否,即将离异,未知,未提及,否,离异,离异,是,未提及,不详,否,否（单亲家庭，后母亲再婚）,未明确，但父母关系不和,否,不详,离异,未提及,否,未提及,否,否,未提及,不详,否,离异家庭,,不详,,离异家庭,未提及,未提及,否,否,否,未知,否,否,未明确说明,未提及,否,未提及,未提及,否，但父母关系紧张，考虑离婚,否,,未提及,否,否,未提供,否,否,未明确说明,否,未知,未提及,否，但家庭关系紧张,否,未提供,否,未提供,否,否,未提及，但提到与父母的关系，推测为非单亲/离异家庭,否,是，父母已离婚,离异,否,否,否,不详,未提及,未明确说明,未提及,,否,未提及,离异,未提及,不明,未提供,,未知,,,未提及,否,否,未提及,未提及,不详,,否,不是,是，赌博人离异,否,不详,否,是，母亲去世后成为单亲家庭,否，但投稿人父母因赌博人问题离婚,否
赌博人的负债,60万,7个口子（具体数额未说明）,6W,信用卡4万多，网货1.5万左右，朋友6万多，小额贷款3万,好几万,是，网贷,60万,近三万块钱,有，包括手机分期付款和网上贷款,100多万,未提及,有负债，家人已帮助一次,有,有,有,有,30万,有负债，具体数额未提及,6W,6万多,好几万,有，具体数额未提及,60万,三万块钱,有,100多万,未明确,有负债,有,有,有,有,30万,一百来万,25万左右,十几万,三四十万,未提及,22000元,十几万,最高达到14万左右，后又有6万,五万,赌输一二十万元，网贷信用卡三四万，从投稿人处拿三万多,30多W,2万,四万多,几十万,3万（网贷2万，同学借款1万）,有,4个（具体数额未知）,六十多万,欠债，具体数额未提供，涉及多个网贷平台,至少100万,有,20万,100多万,60万元,信用卡逾期，网贷,是,十万多,未提及,投稿人前男友赌博欠债，具体数额未提供,4万,8000多,6万块,未提及,一百多万,30万,5万以上,最初欠债4万，后陆续增加，具体数额未提及,十几万,26万,8000额度用完，还涉及美团和聚美宿丁,二十多万,6000多元（第二次）,400多万,有,债务没多少，可以算作没有债务,几十万高利贷,7万,欠高利贷十几万，信用卡3万,信用卡6万额度剩余5000，后盈利3万，再亏损后欠款2万多，线上贷款1万8，支付宝网商贷5千，拍拍贷,私吞公司3万多元，还网贷和网络赌博,20万,有,3000元,已由家人还清,25万左右,未提供,7000元左右,5万,15万,欠款无数,有,40000多,有,未提供,20w人民币,17万,四万多,315000元,9万多,20多万,10万,六万块钱（P2P公司），亲戚部分钱,5万（家里拿的）+710万（信用卡）,十五万,银行信用卡欠53万，银行贷款12万，微粒贷13万，51人品贷10万，借呗2万，苏宁1万，平安3.5万，小平台合计不到1万,高,2万,欠款七万五千块,欠了几千块钱,四十多万,有负债，具体数额未提供,未提及具体数额，但提到了网贷,八万多,4w,未提及,2万多,未提及,14w,八九万,至少十万,14w,二三十万,120万,信用卡欠10万，网贷15万，朋友5万,几十万,未提供,信用卡10万，网贷15万，朋友5万,2万,未提及,7万5千,欠了几千块钱,四十多万,有负债，具体数额未提供,网贷,八万多,4万,未知,20万,2万多,30万,70万,七万多网贷，9000信用卡分期,有,99W,20万,700元,欠款几百万,2万,6万,未提供,170万,43个,714的多半还不上,两百多万，可能还有更多,100万,1500元,1500元,未提及,不详,输光了所有,有,几万,有负债，具体金额未提及,上百万,有负债,8万左右,20万网贷，5万信用卡,3W,10几万,信用卡5万，朋友借款9万，网贷6万,2万,未提供,有,1000+,未明确说明,有负债,三万,三万,七八万,未提及,3万网贷,15万（最初），68万（后续）,2000元花呗,一百多万,100万,51237.15元,10000元,未提供,花呗欠款2000多元,2万多,二十万,八九万,花呗分期，借呗，备用金,26万,50余万,有，具体数额未提及,未知,有,1万2,60万左右（游戏赔了）,未明确说明,5万,至少两万,90000元,1100元,有,4万,5w多,未提及,几千块,债务越搞越多,约十万,5万（去年）+3万（今年）+2万贷款（今年）,16万多,100多万元,有,一万七,43万,30万,43万,12w,是,20万,2万5千,11万,20万（第一次），30万（第二次）,多次负债，具体数额不详,六万块钱,未提及,欠外债，具体数额不详,36万,100多万,父亲欠款数百万,几百万,20万左右,几十万,140w+,2万6千,未提及,是,三十万,无负债,5万多小额贷，不包括朋友圈借的、花呗欠的、欠父母和哥哥的,十几二十万,200万,有,信用卡欠二三十万,3万元,20万，30万,60个（具体数额未提及，但提到谎报挂科骗了十几万）,网货加信用卡一共套了七万多,有,信用卡欠16万，总负债19万,8000元美团贷款，其他费用（具体金额未提及）,未知,六万多（网赌），还有使用信用卡负债,五六十万,10万/94.5万/15万/120多万/7万,网商贷16000元，金条45000元，美团32000元,是,约6万左右,欠了网贷，具体数额未提及,几十万，具体数额不详,30个以上,"10500, 9500, 11500, 12500, 13500, 14500, 15500, 15000, 16500, 17500",60多万,是,21年12w，22年9w,未提供,133970元,24万多,未明确说明,信用卡欠款一万多，输掉70多万,未知,2万网贷,2万网贷,有,是,40万（10万手术费+30万积蓄）,十多万,14万,二十多万,欠前女友约3万，欠朋友和自己的网贷约3万，总共约6万,11万网贷，2万多积蓄，后来7万,一百多万,有，高利贷,至少100万（包括网贷、公款挪用、家庭贷款等）,是,四十万（赌博输钱）+十万（网贷赌博）+二十万（网贷滚到）,20万,1k多,未提及,未提及,,有,未提及,7000元,7000元,不明,7000元,,5000块,,,输掉几万块,7.8万,40多万,有负债,100多万，家里人给他还了,70W,60万,23万,12万4,有，具体数额未提供,约40万,11万（可能不止）,有，网贷、家庭、朋友,有，具体数额不详,欠债10多万，具体数字未提及,20多万
赌博被发现次数,1,至少2次（第一次自己解决，第二次父母帮忙）,3,2次,至少1次,未提及具体次数,1,不详,0,3次,未提及,至少1次,3次,3次,0,多次,1次,至少2次,3次,3次,1,未提及具体次数,,不详,1,3次,未明确,至少1次,3次,3次,0,2次,1,至少2次,未提及,0,1次,未提及,未提及,未提及,多次,0,1次,3次,未提及,1,不详,1次,1,3次,1,多次，具体次数未提供,7-8次,1,不详,多次,1次,1,1,多次,未提及,投稿人前男友赌博被发现的次数未提供,多次,0,未提及,未提及,2,2次,1次,多次，具体次数未提及,多次,0,0,3次,2,,3次,未提及具体次数,未提供,1次,多次,2次,1次,1次,1,1,5次,1次,1,未提及,未提及,1次,2,2,1,,未提供,1次,多次,2,2,1,未提及,2次,1,2次,3次,1次,多次,未提及,3次,多次,多次,未提供,未提及具体次数,1,未知,未提及,1次,未提及,1,未提及,至少2次,1次,七八次,未提及,不详,多次,未提供,不详,至少1次,未提及,3,多次,多次,未提供具体次数,未提及,1,不明,未知,未明确说明,多次,未提供具体次数,0,1,多次,1,1次,1次,1,2次,1,1次,1次,1次,1,多次,未提供,0,0,未提及,多次,不下五次,不详,至少1次,未提及,2次（第一次过年回家时，第二次6.7月份催债电话）,多次,1次,多次,3次,4次,2次,1次,未提供,1,1,未明确说明,未明确说明,至少2次,至少一次,未知,未提及,至少1次,2次,0,1,多次,1,未知,未提供,不详,多次,多次,多次,多次,未明确说明,未提及,1次,未知,,0,1,未明确说明,0,至少两次,1次,1次,未知,不详,至少一次,1次,0,多次,至少一次,0,1次,不详，但至少有一次被通缉,至少1次,1,1,不详,1,4,3次,3次,1次,3次,2次,多次,1,未提及,多次,未提供,多次,多次，具体次数未提及,至少1次,2次,多次,2次,1次,未提及,不详,至少六次,0,1次,多次,未提及,至少1次,多次,,3次,未提及,2次,多次,2,1,未知,多次，具体次数未提供,不详,多次,未提及,多次,1次,至少2次,多次,5次以上,,0,多次,2次,未提供,1次,2次,未明确说明,至少1次（家人发现后没有责怪）,未知,1次,2次,1,3次以上,1,1,1,多次,至少一次，因为工作人员打电话询问异地登录情况,2次,多次,多次,至少2次,多次,多次,1次,1,1次,未提及,,3次,未提及,多次,至少1次,至少1次,未提供,1,未知,,,1次,1,2次,至少1次,至少2次,4,3次,2次,1次,1次,1,2次,多次,多次,多次，具体次数未提及,多次
赌博人学历,不详,未明确说明,,未提及,未提供,未提及具体学历,,不详,未提及,,未提及,未提及,未提及,,,,未提及,未提供具体学历,未提供,未提及,,未提及,,不详,未提及,,未明确,未提及,未提及,未知,,,,未知,未提及,,大学本科,未提及,大学,未提及,未明确提供,大学,不详,未提及,大学本科,大学,不详,大学,大学,未知,未提及,未提供,不详,未提供,不详,未提供,大学,,,未提及,未提及,未提供具体学历,未提及,大学,未提及,未提及,未提及,未提及,未知,初中未毕业,未提供,未提供具体学历,,大学,大学,,,未提及,未提供,大学,未提供,未提供,未提及,未提及,大学,高中,未提及,未提及,未提供,未提及,未提及,未提及,,未知,大学,,未提供,大学,,大学,无详细描述,大学,未提及,未知,未提供,,未提及,大学,,未提及,未提及,未提供,,未提供,未提及,未提及,未知,未提及,大专,未提及,未提供,未提及,大学,未提及具体学历,未提供,未提及,不详,好的学历,未提供,不详,不明确,未提及,未提及,未提及,,未提供,未提及,未提供具体学历,不明,未知,未明确说明,大专,未提供具体学历,未提及,,未提供,高中,未提及,未提及,高知分子,不详,未提及,硕士,高材生,未提及,未提及,未提供,未提供,高中毕业,高中,未提及,不详,大学,不详,未提及,大字生,未提及,未提及,未提及,未提供,大学,不详,未提供,未提及,未提供,不详,未提及,未明确说明,未明确说明,未提及,未提及,未知,未提及,未明确说明,未提及,大学,,未知,不详,未知,未提供,不详,大专,大学,,大学,未明确说明,未提及,未提及,未知,,大学,不详,未明确说明,大学,未知,,未提及,未知,不详,大学,未提及,未提及,未提及,未提及,未提及,未提及,不详,未提及,未知,不详,不详,未提及,未提供,未知,未知,大学,未提及,未提及,不详,初中,未提及,大专,未提供,不详,大学在读,不详,不详,未提及,未提及,未明确提及,211大学,不详,大学,高中,不详,不详,未提及,,不详,,未提供具体信息,研究生,大学,大学,未提供,大学,未知,未提供具体信息,高中未毕业,大一学生/大四学生/研究生,未提及,,大学,大学,,不详,,未提及,中专,,未提供,大学,不详,未明确说明,大专,未知,未提及,初中未毕业,,大学,未提及,未提供,不详,未知,大学上了一年就辍学,未提供,未提供具体学历,中专,未提供,高中,不详,研究生,职高,未明确说明,未提及,,,未提及,不详,未明确,不明,未提供,,未知,,,未提及,大专,未提及,未提及,研究生,不详,,南方的一本大学,未提及,未提供具体信息,未提供,本科,本科,985高材生,未提及,本科（退学）
初赌年龄,不详,未明确说明,,未提及具体年龄,未提供,未提及具体年龄,,不详,未提及,,未提及,未提及,未提及,,,,未提及,未提供具体年龄,未提供,未提及,,未提及,,不详,未提及,,未明确,未提及,未提及,未知,,,,未知,未提及,,不详,未提及,未提及具体年龄,未提及,18岁,未提及,不详,未提及,未提及,未提及,不详,未明确提及,未提及,未知,未提及,未提供,不详,未提供,不详,未提供,未提及,,,未提及,未提及,未提供具体初赌年龄,未提及,未提及,未提及,未提及,17年底,未提及,未知,未提及具体年龄,未提供,未提供具体年龄,,18岁,未提及具体年龄,,,未提及,未提供,未提供具体年龄，但提到大学时期,未提供,未提供,未提及,未提及,未提及,未提及,未提及,未提及,未提供,初一,未提及,未提及,,未知,未提及,,未提供,大一,,未提及,无详细描述,18,未提及,未知,未提供,,未提及,未提供,,未提及,未提及,未提供,,未提供,未提及,未提及,未知,未提及,未提供具体年龄,未提及,未提供,未提及,未提及,未提及具体年龄,未提供,未提及,不详,未提供,未提供,不详,不明确,未提及,未提及,未提及,,未提供,未提及,未提供具体初赌年龄,不明,未知,未明确说明,未提供具体年龄,未提供具体初赌年龄,未提及,,未提供,未提及,未提及,未提及,未提及,不详,未提及,未提供,未提供,未提及,未提及,未提供,未提供,18岁,未提及具体年龄,未提及,不详,未具体提及,不详,未提及,未提及,未提及,未提及,未提及,未提供,17岁,不详,未提供,未提及,未提供,不详,未提及,未明确说明,未明确说明,未提及,未提及,未知,未提及,未明确说明,未提及,未提及,,未知,不详,未知,未提供,高一,未提及,未提及,,未提及,未明确说明,未提及,未提及,未知,,未提及,不详,未明确说明,16,未知,,未提及,未知,不详,高中,未提及,未提及,2006年世界杯时,未提及,21,未提及,不详,未提及,未知,不详,不详,未提及,未提供,未知,未知,未知,未提及,未提及,不详,不详,未提及,不详,未提供,不详,未提及,不详,不详,未提及,未提及,21岁,未提及,不详,不详,未提及具体年龄,不详,高中时期,未提及,,不详,,未提供具体年龄,20岁,大学开始,不详,未提供,未提及,未知,未提供具体年龄,不详,未明确说明,未提及,,未明确提及,未提及,年轻时,不详,,未提及,不详,,未提供,未明确提及,不详,未明确说明,16-17岁,未知,未提及,不详,,未提供,未提及,未提供,不详,19岁,高中时期,未提供,未提供具体年龄,不详,未提供,不详,不详,不详,16,未明确说明,未提及,,,未提及,不详,未明确,不明,未提供,,未知,,,未提及,未提及,未提及,未提及,未提及,不详,,未提供具体年龄,未提及,未提供具体信息,未提供,不详,未明确,大学时期,14岁,大二下半年
初赌是否成年？,不详,未明确说明,,未提及,未提供,未提及,,不详,未提及,,未提及,未提及,未提及,,,,未提及,未提供具体信息,未提供,未提及,,未提及,,不详,未提及,,未明确,未提及,未提及,未知,,,,未知,未提及,,不详,未提及,未提及,未提及,是,是,是,未提及,是,未提及,不详,是,未提及,未知,未提及,未提供,不详,未提供,不详,未提供,是,,,未提及,未提及,未提供具体信息,未提及,未提及,未提及,未提及,是,是,未知,未提及，但根据结婚年龄推测可能未成年,未提供,未提供,,是,是,,,未提及,未提供,是,未提供,未提供,未提及,未提及,未提及,未提及,未提及,未提及,未提供,否,未提及,未提及,,未知,未提及,,未提供,是,,是,是,是,未提及,未知,未提供,,未提及,是,,未提及,未提及,未提供,,未提供,未提及,未提及,未知,未提及,未提供,未提及,是,未提及,未提及,是,是,未提及,不详,未提供,未提供,不详,不明确,未提及,是,未提及,,未提供,未提及,未提供具体信息,不明,未知,未明确说明,未提供具体年龄，无法判断,未提供具体信息,未提及,,未提供,未提及,未提及,否,未提及,不详,未提及,未提供,未提供,未提及,未提及,未提供,未提供,是,未提及是否成年,未提及,不详,未提及,不详,未提及,未提及,未提及,未提及,未提及,未提供,否,不详,未提供,未提及,未提供,不详,未提及,未明确说明,未明确说明,未提及,未提及,未知,未提及,未明确说明,未提及,假设成年,,未知,不详,未知,未提供,否,未提及,未提及,,未提及,未明确说明,未提及,未提及,未知,,未提及,不详,未明确说明,否,未知,,未提及,未知,不详,否,未提及,未提及,未提及,未提及,是,未提及,不详,未提及,未知,不详,不详,未提及,未提供,未知,未知,未知,未提及,未提及,不详,否,否,不详,是,不详,未提及,不详,不详,未知,未提及,是,未提及,不详,不详,未提及,不详,不详,未提及,,不详,,未提供具体信息,是,是,是,未提供,是,未知,未提供具体信息,不详,未明确说明,未提及,,是,未提及,是,不详,,未提及,不详,,未提供,是,不详,未明确说明,否,未知,未提及,是,,未提供,未提及,未提供,不详,是,高中时期，推测为未成年,未提供,未提供是否成年信息,是,未提供,否,不详,不详,否,未明确说明,未提及,,,未提及,不详,未明确,不明,未提供,,未知,,,未提及,是,未提及,未提及,未提及,不详,,未提供,未提及,未提供具体信息,未提供,不详,是,是,否,是
赌龄,不详,未明确说明,,未提及具体时间,未提供,未提及具体赌龄,,不详,未提及,1年多,未提及,4个月,未提及,,,,未提及,未提供具体赌龄,未提供,未提及,,未提及,,不详,未提及,一年多,未明确,4个月,未提及,未知,,,,未知,未提及,,不详,未提及,未提及,未提及,从2016年底开始，至少2年以上,两三个月,不详,4年,未提及,未提及,不详,未明确提及,未提及,未知,未提及,未提供,从2015年到2018年,未提供,不详,未提供,未提及,,,未提及,未提及,未提供具体赌龄,未提及,未提及,未提及,未提及,9个月,未提及,未知,未提及具体时间,未提供,不到三年,,不详,未提及具体时间,,,七八年,未提供,未提供具体年数，但提到大学时期开始，推测至少2-3年,未提供,未提供,未提及,未提及,未提及,3个月,未提及,未提及,未提供,未提及具体年数,未提及,未提及,,4年,3年,,未提供,约2年,,一年,4年多,6年,未提及,未知,未提供,,未提及,2014年开始,五六年,未提及具体时间,一年多,从去年开始到今天,,未提供,未提及,未提及,未知,未提及,未提供具体时间,未提及,未提供,三周,至少2年,未提及具体赌龄,未提供,从2017年年尾开始,不详,未提供,未提供,不详,不明确,未提及,一年多,从去年开始至今,,未提供,未提及,未提供具体赌龄,不明,未知,未明确说明,未提供具体时间,未提供具体赌龄,未提及,,未提供,未提及,未提及,1年,未提及,不详,未提及,未提供,1年,未提及,未提及,未提供,未提供,从高考完到最近,从高考完到最近,未提及,不详,从春节过后开始，具体时间未提及,不详,未提及,一年多快两年,未提及,未提及,未提及,未提供,从17岁开始,不详,2年,未提及,未提供,不详,未提及,未明确说明,未明确说明,未提及,未提及,几年,未提及,未明确说明,两三年,未提及,,未知,不详,未知,未提供,不详,未提及,未提及,,未提及,从去年世界杯开始,未提及,未提及,未知,,未提及,不详,未明确说明,未明确,未知,3年,未提及,未知,不详,不详,未提及,未提及,13年,未提及,1年,未提及,不详,未提及,未知,不详,不详,未提及,未提供,至少从投稿人初中开始,未知,3个月,4年,未提及,不详,不详,未提及,不详,3年,不详,未提及,不详,不详,未提及,16-23年,2年左右,未提及,不详,不详,一年多,不详,不详,未提及,,七八年,,从19年初开始，具体赌龄未提供,4年,四五年,不详,从18年世界杯开始,未提及,未知,未提供具体信息,不详,未明确说明,未提及,,未明确提及,未提及,,10年,,至少一年,不详,,未提供,3年,不详,未明确说明,至少4年,未知,6年,6年,从2024年1月开始,未提供,未提及,六七年,不详,未明确,从高中至今，约6-10年,未提供,未提供具体赌龄,不详,未提供,不详,不详,不详,未提及,未明确说明,未提及,,,未提及,不详,未明确,不明,未提供,,未知,,,从2022年冬天开始,未提及具体年份，但至少从2016年开始接触网贷,未提及,未提及,未提及,不详,,约3年,未提及,未提供具体信息,未提供,不详,2年,从00年代开始,从14岁开始，具体年数未提及,4年多
最初赌博游戏,网赌,网赌,网赌,炸金花（网赌）,网赌,网赌,网赌,网赌（彩票）,彩票（网赌）,未明确,未提及,网赌,网赌,网赌,网赌,网赌,网赌,网赌,网赌,微信开房间炸金花,网赌,网赌,网赌,网赌,网赌,网赌,未明确,网赌,网赌,网赌,网赌,网赌,网赌,网赌,网赌,网赌,线下赌博,未提及,赌球,网赌？线下赌博？,网赌,网赌,网赌,网赌,网赌,网赌,线下赌博,网赌（百度棋牌游戏，打牛牛）,网赌,网赌,网赌,网赌,网赌,未提供,网赌,网赌,网赌,网赌,网赌,网赌,网赌,未提供具体最初赌博游戏类型,网赌,线下赌博，后转为网赌,网赌,网赌,网赌,网赌,网赌,微信红包赌博,线下赌博（澳门赌）,网赌,网赌,网赌,网赌,网赌,未提及,赌球,未提供,网赌,未提供,网络彩票,网赌,网赌,网赌,网赌,网赌,网赌,网赌,未提及具体是网赌还是线下赌博,网赌,彩票,未知,网赌,未提及,未明确,未提供,CSGO游戏,网赌,网赌,赌球,网赌,网赌,网赌,打麻将（线下赌博）,网赌,未提及,足球彩票（网赌）,彩票,网赌,网络赌博,未提供,网赌,未提供,未提及,网赌（凤凰彩票）,网赌,网赌,网赌,未提及,网赌,网赌,网上彩票（网赌）,网赌,网赌,网赌,网赌,网赌,未提供,网赌,不明确,未提及,网络赌博,未提及,网赌,未提供具体类型,网赌,网赌（凤凰彩票）,网赌,网赌,未明确说明,网赌,网赌,网赌,网赌,网赌,网赌,网赌,网赌,炒股，后转为网络赌博,网赌,网贷,柏青哥（线下赌博）,网赌,未提及,网赌,网赌（德州扑克app）,未提供,网赌,网赌,未提及,不详,外围赌球,网赌,网赌,未提及,炒股，后接触网赌,网贷,网赌,网赌,网赌,网赌,网赌,网赌,未提供,线下赌博（打麻将）,网赌,未明确说明,网赌,未提及,网赌,线下赌博,未提及,网赌,网赌,未提及具体游戏，但提到了网络兼职和网贷,网赌,网赌/线下赌博？,网赌,网赌,未提供,线下赌博,网赌,网赌,网赌,网赌,赌球,网赌,线下赌博,未知,网赌,网赌,网赌,未明确说明,LOL菠菜,手机赌博,网赌,未提及,网赌,不详,线下赌博,未提及,网赌,赌球,未提及,网赌（时时彩）,网赌,未提供具体游戏类型，但涉及投资担保,未提及,网赌,网赌,网赌,网赌,网赌,未知,网赌,网赌,网赌,赌球,网赌,网赌,未提及,网赌,网赌,炒股,未提及,线下赌博,网赌,线下赌博,未提及,网赌,未提及,线下赌博,不详（未提及是网赌还是线下赌博）,网赌,不详（网赌？线下赌博？）,斗地主,网赌,未提及,不详,网赌,赌球,网赌,网赌,网赌,网赌,网赌,未知（网赌？线下赌博？）,线下赌博（打彩票）,网赌,网赌/CSGO开箱子,百家乐（网赌）,线下赌博（购买香港彩票）,网赌,数字藏品和虚拟币,老虎机，线下赌博,线下赌博,,线下赌博（电玩城打鱼机）,老虎机,网赌,未提供,线下彩票,网赌,未明确说明,dota2饰品竞猜比赛,未知,网赌,网赌，通过虎牙直播的银豆竞猜功能,网赌,网赌,线下赌博（打牌、打麻将）,网赌（游戏输赢）,网赌,网赌,线下赌博，老家的牌类游戏,网赌,麻将,网赌（六hecai，shishi彩，赛车网站）,未明确说明，但提到网赌,网赌,线下赌博,炸金花，德州扑克,网赌,未明确说明,未提及,网赌,线下赌博,线下赌博,LOL赌博，赌球,未明确,网赌,网赌,网赌,未知,网赌,世界杯,线下赌博（澳门casino）,线下赌博（彩票）,麻将,网赌,线下赌博,线下赌博,,网赌,网赌,网赌,比特币投资,线下赌博（打麻将）,网赌（买彩票）,不详,线下赌博,网赌
初赌的输赢情况,不详,未明确说明,,输了1.6万,未提供,未提及具体输赢情况,,赢了500多,前两天赢，之后一直输,,未提及,未提及,未提及,,,,输,未提及初赌输赢情况,未提供,输了1.6万,,未提及,,赢,赢,,未明确,未提及,未提及,未知,,,输,未知,赢了,刚开始还赚，后来越亏越大,输,未提及,小赚后输光,未提及,未明确提供,赢,不详,未提及,赢了,赢了,输,赢了百八十,未提及,未知,未提及,未提供,输,未提供,输,未提供,输多赢少,,赢,未提及,未提及,未提供具体初赌输赢情况,未提及,经常赢,未提及,未提及,未提及,未提及,未知,未提及,未提供,未提供具体输赢情况,赢,输,欠了10000多元,,未提及,未提及,未提供,赢了一些钱,未提供,赢,未提及,未提及,未提及,未提及,未提及,未提及,未提供,未提及,未提及,未提及,,未知,未提及,,未提供,无明确描述,,赚了,无详细描述,赢,未提及,未知,输赢几百块,,未提及,赢了4100元,输,未提及,未提及,未提供,赢,未提供,未提及,未提及,输,未提及,赢,未提及,赢,赚几百块,一开始赢钱，后来不断亏钱,赢,赚了十万,赢了8000元,不详,未提供,未提供,不详,不明确,未提及,未提及,未提及,赢,未提供,未提及,未提供具体输赢情况,不明,未知,未明确说明,赢200元,未提供具体输赢情况,未提及,,未提供,未提及,输,未提及,输钱,输,未提及,赢了后开始连输,未提供,未提及,未提及,未提供,未提供,最初有盈利，后输光,盈利,未提及,不详,赢了双倍还多,赢了,未提及,未提及,可能赚了点，后来输了,未提及,输了3万,未提供,赢,不详,未提供,未提及,未提供,赢钱,输,未明确说明,未明确说明,未提及,未提及,输,未提及,未明确说明,输,未提及,输两万多,未知,输,未知,未提供,输了半个月生活费,赢,未提及,,输了钱,一直赌一直输,未提及,输,未知,,未提及,不详,未明确说明,未提及,未知,未提及,未提及,未知,不详,输赢几百块钱,未提及,赢,未提及,未提及,赢,赢,不详,未提及,未知,赢,赢,未提及,未提供,未知,未知,赢了几千块,未提及,输,不详,输,未提及,不详,未提供,不详,未提及,不详,输,未提及,未提及,赢了一百多，后输完,未提及,不详,不详,未提及具体输赢,不详,赢了四五十块,输了,,不详,,还了7万左右,未提及,输光了家里存在他名下的20万,不详,未提供,未提及,未知,未提供具体信息,不详,未明确说明,赢,,未提及,赚了2万,输,输,,一晚上输赢一万元左右,输,,未提供,输多赢少,不详,未明确说明,输了几千,未知,未提及,输光了身上的钱,,未提供,未提及,未提供,输,欠债几万,输赢一把可能一千左右，具体输赢情况未提及,输了13万多,未提供具体输赢情况,输,未提供,输,不详,赢,日入过万,未提及,未提及,,,赢钱,输,未明确,不明,输,,未知,,,赢了一千三百块,未提及,未提及,未提及,未提及,不详,,赢,未提及,未提供具体信息,亏损,赢小几百,小赌怡情，世界杯期间无大输赢,不详,未提及具体输赢，但导致摩托车损坏,未提及
是否提到世界杯/电竞？,否,否,否,提到世界杯,否,否,否,否,否,否,未提及,未提及,未提及,否,否,否,否,未提及,否,提到世界杯,否,否,否,否,否,否,否,否,否,否,否,否,否,否,否,否,否,未提及,否,否,否,否,否,否,否,否,否,否,否,否,否,否,否,否,否,否,否,否,否,否,否,否,否,否,否,提到世界杯,否,否,否,否,否,否,否,否,否,否,否,未提及,否,否,否,否,否,否,否,否,否,否,否,否,否,否,否,否,否,否,未提供,电竞,否,否,否,否,否,否,否,否,否,提到世界杯,否,否,否,否,是,否,未提及,否,否,否,否,否,是,否,否,是，提到世界杯,否,否,否,否,否,否,否,否,否,否,世界杯,否,未提及,否,否,否,否,否,否,否,否,否,是,否,否,否,否,否,否,否,否,否,否,未提供,电竞,提到电竞,否,否,未提及,世界杯,否,否,否,否,否,否,否,否,否,否,否,否,否,否,未提及,否,否,否,未提及,否,否,否,否,否,是,提到电竞,未提供,否,否,否,否,电竞,提到世界杯,否,否,否,否,否,否,否,否,否,否,否,提到电竞,否,否,否,电竞,提到世界杯,否,是（世界杯）,否,否,否,否,否,否,否,否,否,否,否,否,提到世界杯,否,否,否,提到世界杯,否,否,未提及,否,否,否,否,否,未提及,否,否,否,否,否,否,否,是，世界杯输了20万,否,提到赌球,提到电竞,否,否,是,否,否,否,否,是,否,否,否,否,否,否,,提到世界杯，未赌博,否,否,否,是,否,否,是，提到电竞,否,否,是，提到了世界杯和电竞游戏,否,否,否,NBA（电竞）,否,否,未提及,否,否,否,否,是（世界杯赌球）,否,否,否,未提及,否,否,否,否,提到赌球,否,否,否,否,否,,是,提到电竞（英雄联盟比赛）,否,否,否,否,否,否,提到世界杯,否,提到世界杯，未提到电竞,否,否,是，提到世界杯,否,否,否
赌博人债务来源,网贷,网贷,网贷,信用卡，网货，朋友，小额贷款,网贷,网贷,网贷,网贷,网贷,网贷30多万，家庭卖房，亲戚借钱，朋友信用卡20多万,未提及,网贷,网贷,网贷,网贷,网贷,网贷,网贷,网贷，家庭,信用卡，网贷，朋友,网贷,网贷,网贷,网贷,网贷,"网贷, 家庭, 朋友",未明确,网贷,网贷,网贷,网贷,网贷,网贷,网贷,信用卡，支付宝借呗，360,网贷，信用卡,网贷，信用卡,未提及,网贷，家庭，朋友,网贷,网贷，家庭,网贷,网贷，家庭，朋友，同事,网贷,网贷,网贷,网贷，家庭,网贷，同学,网贷,网贷,网贷,网贷,网贷，信用卡透支,家庭,网贷，家庭，朋友,网贷,网贷,网贷，家庭，朋友,网贷,网贷，家庭,网贷,网贷,网贷,网贷,网贷，家庭,未提及,网贷，家庭,网贷,网贷,网贷，家庭，朋友,网贷，家庭,网贷,网贷（花呗、美团、聚美宿丁）,网贷,网贷,网贷，家庭，朋友,家庭,未提及具体来源,网贷,网贷,网贷，私人高利贷,信用卡套现，网贷，支付宝网商贷,网贷,网贷,网贷,家庭,未提及,网贷,网贷,朋友,网贷2.5万,贷款,网贷,网贷,网贷,网贷,未提供,开箱网站充值,网贷，家庭,网贷,网贷，信用卡，家庭，朋友,网贷,网贷,家庭,网贷（P2P公司），家庭（亲戚）,家庭，朋友，同事,网贷，家庭,网贷、银行贷款,网贷，家庭,借呗,支付宝借呗，朋友,家庭,网贷，家庭，支付宝，信用卡，微粒贷,网贷,网贷,网贷,未知,未提及,网贷,未提及,网贷,未提及,网贷，家庭，朋友,网贷,网贷、家庭,网贷，家庭，朋友，同事,网贷，家庭，朋友,网贷,未提供,网贷，家庭，朋友,家庭,网贷,支付宝借呗，朋友,家庭，借呗,网贷，家庭，支付宝，信用卡，微粒贷,网贷,网贷,网贷,不明,未知,未明确说明,网贷,网贷，信用卡,网贷,网贷，信用卡,网贷，家庭，朋友,网贷，家庭，朋友,信用卡,朋友,网贷，家庭，朋友，同事,网贷，家庭，朋友,网贷,未提供,网贷,网贷,网贷,网贷，家庭,未提供,同学（500元/人）和支付宝备用金（500元）,同学，支付宝备用金,未提及,网贷、家庭、朋友、同事,未提及,网贷,网贷,未提及,网贷，信用卡，家庭,网贷,网贷、家庭、朋友,网贷，家庭,网贷,"网贷, 家庭",网贷，朋友,网贷,未提供,网贷,个人积蓄,未明确说明,网贷,未提及,未提及,网贷,未提及,网贷,网贷，家庭，朋友,花呗,网贷，家庭，朋友，同学,网贷，家庭，朋友,"网贷, 家庭",网贷,未提供,花呗,网贷,网贷,信用卡和朋友网贷,网贷,网贷,网贷,网贷，家庭,未知,网贷,未提及,不详,未明确说明,未提及,家庭（妻子）,网贷,朋友,家庭，朋友,网贷，家庭，朋友,网贷,未提及,网贷,未提及,网贷，信用卡,家庭（自己消化），网贷（贷款2万）,网贷，信用卡,家庭，朋友（被好兄弟卷钱跑路）,家庭,网贷,网贷,网贷,网贷，朋友,家庭,银行，家庭,未知,未知,网贷,朋友，网贷，银行信用贷,网贷、家庭、朋友、同事,家庭，朋友,未提及,网贷，家庭，朋友,网贷，朋友，同事,高利贷，朋友，同事，信用卡,家庭（父亲）,家庭,网贷,网贷，家庭，朋友,网贷，家庭，朋友,家庭，朋友,未提及,网贷，家庭，朋友，同事,网贷，家庭，朋友，同事（具体不详）,无债务,网贷，家庭，朋友,网贷，家庭，朋友,未提及,朋友,信用卡，家庭,赌局,未明确提及债务来源，但提到公婆答应帮他还款,家庭（谎报消费）,网贷，信用卡,网贷，家庭，朋友,信用卡，贷款,网贷，家庭,未知（网贷，家庭，朋友，同事）,网贷，家庭，朋友，同事,"家庭,网贷",网贷/家庭,网贷,家庭,网贷，信用卡,家庭，朋友，网贷,家庭，朋友，同事,家庭,网贷，家庭，朋友，同事,网贷，家庭（卖房还债）,高利贷、家庭,公司费用，客户，父母,未提供,工作收入,网贷，家庭,未明确说明,家庭（输掉弟弟出国留学的钱）,未知,网贷,网贷，家庭，朋友,网贷,家庭,家庭（儿子）,"网贷, 朋友, 同事",网贷,网贷，家庭,网贷，家庭，朋友,网贷，家庭,网贷，家庭，朋友,网贷，家庭,网贷、家庭、可能的公款挪用,网贷，家庭，朋友，同事,网贷，家庭，亲戚,网贷,未提及,未提及,未提及,家庭,家庭,未提及,公司，信用卡，网贷，家庭，朋友,未明确,不明,未提供,网贷,两头骗,家庭,,家庭（表哥偷掌了二十多万）,网贷，信用卡,网贷,未提及,网贷，家庭，朋友,网贷，家庭，朋友，同事,未提及具体来源,网贷,网贷,网贷，家庭，朋友,信用卡，网贷,网贷,网贷，家庭，朋友,家庭，朋友，同事,网贷，家庭，朋友,网贷，家庭，朋友，同事
赌博被发现或主动坦白的次数,主动坦白,至少2次,3,2次主动坦白,至少1次,未提及具体次数,1,1,1,3次,未提及,至少1次,3次,3次,0,2次,1次,至少2次,3次,3次,1,未提及,1,1,1,3次,未明确,至少1次,3次,3次,0,2次,1,至少2次,未提及,0,1次,未提及,1次,未提及,多次,0,1次,3次,1次,1,不详,1次,1,3次,1,多次，具体次数未提供,7-8次,1,不详,多次,1次,1,1,多次,未提及,投稿人主动坦白,多次,0,未提及,未提及,2,2次,1次,至少一次，具体次数未提及,多次,1,0,3次,2,,3次,未提及,未提供,主动坦白1次,多次,2次,1次,1次,1,1,5次,1次,1,未提及,未提及,1次,2,2,1,,未提供,1次,多次,2,2,1,未提及,2次,1,2次,3次,1次,多次,0,3次,多次,多次,未提供,未提及具体次数,1,未知,未提及,1次,未提及,1,未提及,至少2次,1次,多次,未提及,不详,多次,未提供,不详,至少1次,未提及,2,多次,多次,未提供,未提及,1,不明,未知,未明确说明,多次,未提供具体次数,0,1,多次,1,1次,1次,1,2次,1,1次,1次,1次,1,多次,未提供,0,0,未提及,多次,不下五次,不详,至少1次,未提及,1次（过年回家时）,多次,主动坦白1次,多次,3次,4次,2次,1次,未提供,1,1,未明确说明,未明确说明,至少2次,至少一次,未知,未提及,至少1次,2次,0,1,多次,1,未知,未提供,不详,多次,多次,多次,1次,未明确说明,未提及,1次,未知,,0,1,未明确说明,0,至少两次,1次,1次,未知,不详,至少一次,1次,0,多次,至少一次,0,1次,不详,至少1次,1,1,不详,1,4,3次,3次,1次,3次,2次,多次,1,未提及,多次,未提供,多次,多次，具体次数未提及,至少1次,2次,多次,2次,1次,未提及,不详,至少六次,0,1次,多次,未提及,至少1次,多次,,3次,未提及,2次,多次,2,1,未知,多次，具体次数未提供,不详,多次,未提及,多次,1次,2次,多次,5次以上,,0,多次,2次,未提供,1次,2次,未明确说明,至少1次,未知,1次,2次,1,3次以上,1,1,1,多次,至少一次，向父母坦白,2次,多次,多次,至少2次,多次,多次,1次,1,1次,未提及,,3次,未提及,多次,至少1次,至少1次,未提供,1,未知,,,主动坦白1次,1,2次,至少1次,至少2次,4,3次,1次,1次,1次,1,1次,多次,多次,多次，具体次数未提及,多次
赢钱后的消费方式,购买化妆品、购物,未明确说明,,未提及,未提供,未提及,,不详,未提及,,未提及,未提及,未提及,,,,未提及,未提及,未提供,未提及,,未提及,,不详,未提及,,未明确,未提及,未提及,未知,,,,未知,未提及,,不详,未提及,未提及,未提及,未明确提供,生活费,给投稿人买礼物,未提及,未提及,未提及,不详,打车请客吃饭，购买手机（mix3高配版）,未提及,未知,未提及,未提供,不详,未提供,不详,未提供,未提及,,,大手大脚,未提及,未提供具体赢钱后的消费方式,未提及,未提及,未提及,未提及,抵押奥迪A5,未提及,未知,奢侈消费,未提供,未提供具体消费方式,继续赌博,不详,未提及,,未提及,未提及,未提供,未提供,大牌吃的用的,大手大脚，盈利了都花了,未提及,未提及,未提及,未提及,未提及,未提及,未提供,未提及,未提及,未提及,,未知,未提及,,未提供,无明确描述,,未提及,无详细描述,聚餐，购物，化妆品,未提及,未知,未提供,,买乌龟，吃喝,未提供,,未提及,未提及,拿去花了,,未提供,未提及,未提及,未知,未提及,给爷爷奶奶买手机,未提及,未提供,未提及,未提及,未提及具体消费方式,未提供,购买护肤品,不详,未提供,未提供,不详,不明确,未提及,未提及,拿去赌博,,未提供,未提及,未提供具体消费方式,不明,未知,未明确说明,给爷爷奶奶买手机，大手大脚花钱,未提供具体消费方式,大手大脚，花了十万块,,未提供,未提及,未提及,未提及,未提及,不详,购买新款苹果手机，旅游,购买游戏和手办,未提供,未提及,未提及,未提供,未提供,未提及,未提及,未提及,不详,未消费，全部用来继续赌博,继续赌博,未提及,花钱大手大脚,未提及,未提及,未提及,未提供,继续赌博,不详,还债,未提及,未提供,还债,未提及,未明确说明,未明确说明,未提及,未提及,未知,未提及,未明确说明,未提及,吃喝购物,,未知,不详,未知,未提供,不详,给爷爷奶奶买手机，大手大脚花钱,未提及,,未提及,未明确说明,未提及,未提及,未知,,未提及,不详,未明确说明,未提及,未知,未提及,未提及,未知,不详,不详,未提及,未提及,充值赌博,未提及,未提及,未提及,包养小三，投资担保,未提及,未知,不详,不详,未提及,未提供,未知,未知,未提及,未提及,未提及,不详,游戏充值，购物，借钱给他人,未提及,租保时捷，高消费,未提供,带家人外出吃饭,未提及,不详,不详,购买奢侈品，如阿玛尼口红、施华洛世奇饰品、iPhone手机等,未提及,给妈妈日常开销家用，买衣服鞋子,未提及,吃喝,不详,未提及,大手大脚，用于约会、买礼物,不详,未提及,,不详,,未提供具体信息,购买游戏皮肤、奢侈品（如LV包）,未提及,不详,未提供,未提及,未知,未提供具体信息,不详,未明确说明,未提及,,未提及,给投稿人买了Gucci围巾,,买贵的衣服,,购买手办等,不详,,未提供,未提及,不详,未明确说明,没有具体提到,未知,出去打工挣钱,继续赌博,更换手机,未提供,未提及,未提供,不详,未提及,购买耐克和苹果手机，满足虚荣心,未提供,未提供具体消费方式,未提及,高消费，如打赏主播、购房、酒吧消费等,不详,花在小三身上,不详,未提及,未提及,未提及,,,买零食,不详,未提及,不明,未提供,,未知,,,未提及,购买游戏装备，时装，音乐课程，Java测开工程师课程等,未提及,未提及,未提及,不详,,旅游,未提及,阔绰，一顿饭几千，上万,未提供,当饭钱,大额消费，如超市花费一百多,不详,用于赌博，购车等,继续赌博
赌博人家庭初次发现赌博人赌博后的处理方式是什么,抵押房产帮助还债,父母帮忙解决了10几个口子,抵押房子,家里没说什么，告诉以后不要再碰,未提供,未提及,坐在一起想办法,不详,未提及,卖房还债,未提及,家人帮助了一次,好好安慰，劝其重新开始,家人给了全部分期的,,母亲失望，希望不要再犯,父母帮忙借款,父母帮助解决了10几个口子（债务）,抵押房子,家里没说什么，说以后不要再碰,未知,未提及,家里人坐一起想办法,不详,未提及,卖房子还债,未明确,家人帮助还债,好好安慰,家人给了全部分期的,,母亲失望，希望不再犯,一起想办法,补上窟隆,未提及,,哥哥去酒吧兼职还债，后由女孩母亲承担债务,未提及,未提及,未提及,父母帮助还款,未发现,家人商量解决未还清的网贷,母亲帮助还债,未提及,母亲替还了两万,借钱还债,父母帮助还款，母亲哭泣，父亲表示如果再赌博就脱离父子关系,借钱帮助,解决网贷，剩下信用卡债务,责备,未提供,大伯母帮助还了一部分信用卡，赎回抵押的车,帮助还债，母亲哭泣,不详,老婆给了多次机会,未提及,,父母帮忙还网贷,母亲给了几万块,未提及,投稿人母亲帮助还清债务，换掉所有银行卡，手机号，没收身份证,劝说，吵架,未提及,未提及,未提及,父母帮忙还清所有贷款,争吵,家人帮助还钱,投稿人给妹妹转了4万还债,未提供,未提供具体处理方式,未提及,父母帮忙还清债务,给了机会，原谅了,卖房卖地，借钱还债,谩骂,老婆原谅，母亲支持,投稿人帮忙还债,父母失望，但表示愿意支持,帮助还债,凑钱还债,父母年老，住在农村平房，未提及具体处理方式,父母帮忙还债,借钱帮助,母亲表示如果再玩就不管他了,帮助还清债务,母亲生气，失望,帮助补救,未提及,未提及,家人都不要做了，让我自生自灭,,坦白,未提及,房子没了，父亲坐牢,未提供,原谅,公婆承担债务,母亲替其还债,无详细描述,未提及,未提及,父母填掉了债务,未提供,帮其还债,妻子给了两万块还债，双方父母介入,父母和兄弟姐妹开始接到催债电话,劝、骂、打、帮忙还款,未提及,父母坦白，但家里穷无法帮助还债,妈妈给钱还债,还钱,未提供,未提及,父亲给了八万多还债,未知,未提及,未提供具体处理方式,未提及,写下欠条，3年还清,未提及,劝说，未报警或采取法律措施,写下欠条，计划3年内还清,帮他还清债务,老公决定不再玩百家乐，只玩足球赛事,不详,帮他还了几十万,未提供,不详,不明确,未提及,父亲坦白，但家庭贫困无法帮助还债,给钱还债,还钱,未提供,未提及,父亲帮助还债八万多,不明,未知,未明确说明,未提供具体处理方式,未提供具体处理方式,未提及,帮助解决了负债,以死相逼,父母帮忙还债,未提及,未提及,家人替他还了一些钱,父母还了2万5,未提及,未提供,离婚，卖掉房子车子还债,卖房子还钱,父母帮忙还债，老公生气,提醒他可能会被骗,未提供,未提及,未提及,未提及,舅舅舅妈帮他还债，嫂子也帮他还了二十万,母亲告诉赌博人钱不多，当花钱买个教训,不详,未提及,未提及,凑钱还债,未提及,母亲气的哭出来，走路腿都软，需要借钱还债,父母帮忙还债,控制银行卡，支付宝等,父母解决债务,男朋友帮忙还债,帮助还债，让赌博人回家,未提供,追问欠款金额，卖房还债,安慰并教育,未明确说明,未明确说明,未提及,未提及,未知,未提及,帮助还清债务,妻子用彩礼和陪嫁还债，父母倾家荡产还50万,未发现，未提及,父亲贷款帮助还债,父母帮助还信用卡,父母帮助还了2万元,未知,未提供,父亲给了钱,未提及具体处理方式,原谅,严肃谈话，承诺不再赌博,父母帮忙还钱,未明确说明,未提及,父亲安慰，表示钱可以解决，只要人在就好,未知,,未提及,列单子，计划还款，家人帮助,未明确说明,未提及,妻子掏钱还债,分手,未提及,未知,不详,父亲把投稿人送到国外读书,爸妈抱头痛哭互相安慰,未提及,未提及,父亲表示不会帮助还贷款，认为应由赌博人家庭承担,未发现,母亲让赌博人自己解决问题,养母替他解决债务问题,父母拿出积蓄帮助,未知,不详,不详,未提及,父母还了7w,卖掉老房子还债,未知,未提及,帮助清了6万左右的外债,母亲卖房还债,替他还债，没有严厉管教,家庭内部讨论，联系投稿人寻求帮助，报警,未提及,父亲多次给予金钱支持,未提供,劝其不要再赌博，相信其会改,未提及具体处理方式,填坑,选择原谅,劝其改过，未离婚,父母帮忙还了小20w，亲戚帮忙还了13w,母亲和哥哥不太同意，但后来同意了,未提及,不详,帮助还债，给钱,未提及,不详,父母从街上抓回家，关在家里几天,未提及,,母亲给了20万还债,,公婆反对离婚，并答应帮他还款,未提及,未提及,打他骂他最后帮他还清了外债,父母帮忙还了一部分，妻子给了一万多,让先还上美团贷款，生活费正常给,未知,爷爷给买了出租车，后来卖了房子赔偿事故损失,姑姑姑父操碎了心，劝说无效，接近放弃状态,家里帮还,未提及,未明确处理方式,父亲给了钱帮助还债,父亲极度憎恶赌博，如果被发现会被打死,妻子帮助还债,帮还了，没有下次了,,未发现,母亲放弃工作，回家照顾,写保证书，跪地求原谅,未提供,未提及,妻子要求坦白，查征信，查流水，要求戒赌,未明确说明,没有责怪，让好好生活,未知,父亲生气，与父亲吵架,父亲帮助还清债务，亲戚打骂,询问和对峙,父母还债,儿子给了10万用于照顾家庭，剩余30万由父亲保管,"要求坦白, 理清退还两家所有财物往来, 表态离婚",姑姑和姑父卖掉大货车，姑姑去饭店后厨做饭，姑父去工地上班,父母帮忙还债,父母帮助还款4万，留下一万多尾巴,借钱帮忙还债,父亲帮助还债,外公外婆提供经济支持，隐瞒真相,帮助还债，包括彩礼、嫁妆等用于还债,给钱还债,送入戒毒所,不详,未提及,未提及,未提及,,父亲赎回车辆，要求保证不再赌博,未提及,每次暴雷都说坦白父母和娘家那边每次都帮摆平,未提及,不明,未提供,,未知,,,母亲告诫远离借贷，表哥赌博被发现后处理方式未提及,父母帮助还款7.2万，关闭微粒贷，剪掉信用卡,口头警告,未提及,家里人给他还了,不详,未提及,父母愿意帮助还债,未提及,未提供具体信息,父母和亲戚帮助还债，不要求赌博人承担,不详,父母给钱帮助还债,家人拿积蓄帮他还债,父亲替其还债，哥哥装修房子后结婚入住,帮助还钱，劝说上学
赌博人是否表现出自杀倾向,是,未明确说明,否,未提及,是,未提及,否,否,否,否,未提及,未提及,未提及,否,否,否,否,未提及,否,未提及,是,未提及,否,否,未提及,否,未明确,未提及,未提及,否,否,否,否,是,是,是,否,未提及,未提及,否,未明确提供,否,否,是,否,是,否,否,否,是,否,是,否,否,是,未提供,未提及,否,否,未提及,是,未提供具体信息,未提及,是,未提及,未提及,否,否,否,未提及,是,是,否,是,否,否,否,未提及,是,否,有，表示没有活路了,否,未提及,否,否,否,未提及,是,否,否,未提及,是,否,否,否,否,未提供,无,否,是,是,是,未提及,否,否,否,未提及,否,否,是,未提及,有,是,否,未提及,是,否,未提及,否,未提及,是,否,未提及,是,是,是,否,未提供,未提供,否,否,未提及,否,有,是,否,未提及,是,否,否,未明确说明,否,未提供具体信息,否,是,未提供,是,否,否,未提及,否,未提及,否,未提供,未提及,否,否,未提供,否,否,未提及,不详,未提及,不详,未提及,未提及,否,未提及,否,未提供,否,否,是,是,未提供,是,未提及,未明确说明,未提及,未提及,未提及,是,未提及,未明确说明,未提及,否,是,否,否,未知,未提供,否,否,未提及,否,未提及,未明确说明,未提及,未提及,否,否,否,是,未明确说明,否,否,否,否,无,否,否,否,未提及,未提及,是，投稿人有自杀念头,是,是,是，最终自杀,未提及,否,否,否,是,否,否,否,否,是,未提及,否,否,未提及,不详,否,是（曾表示想从桥上跳下去）,是,否,否,未提及,否,是,未提及,是,是（投河自杀）,否,否,是,未提及,否,否,否,未提供具体信息,未提及,否,否,公公有跳楼行为,否,未知,未提供具体信息,否,未明确说明,否,否,否,否,否,否,,未提及,否,否,未提供,否,是,是,否,否,否,否,是,未提供,否,用死威胁投稿人不要揭发,否,是,未提及,未提供,未提供具体信息,有,未提供,否,否,否,否,未提及,未提及,否,否,否,是,否,否,是,否,否,,,未提及,否,未提及,否,未提及,是,否,否,否,未提供具体信息,否,是,未提及,否,未提及,是
赌博人结局,不详,戒赌，未再碰,打算和家里坦白，准备自己还钱,身败名裂，快过年了可以回家了,未提供,未提及具体结局,还在努力上岸,不详,后悔，害怕债务，生活煎熬,戒赌，相信会好起来,未提及,决心戒赌，但尚未上岸,戒赌，感到后悔和绝望,戒赌，卸载赌博app,戒赌,,未提及,已戒赌，但面临是否坦白或放弃工作还债的抉择,准备回家坦白，计划自己还债,身败名裂，快过年可以回家,,未提及,未完全上岸，但情况有所改善,不详,未提及,戒赌，准备还钱,未明确,决心戒赌，但尚未上岸,戒赌,戒赌，赌博app全部卸载,未提及,,协商慢慢还,决定戒赌，筹钱还债,未提及,,母亲承担债务，婚事暂缓,未提及,计划向父母坦白,背债，200万给50万,未明确提供,无,不详,母亲表示会帮助还债，赌博人表示会努力工作孝敬父母,想要改过自新，寻求兼职工作,未提及,不详,决定戒赌，计划通过兼职还款,未提及,未知,离家出走，至今音信全无,未提供具体结局，仍在困境中,被家人找回，但对债务漠不关心,戒赌，重新开始,不详,离家出走,面临巨大债务压力，学业可能无法继续,,停赌一段时间，但仍然担惊受怕,未提及,未提及,投稿人前男友威胁投稿人，投稿人反击后，前男友不再出现,未提及,戒赌，通过打工还清债务,未提及,未提及,戒赌9个月，每天只有30块零用钱,未提及,家人帮助还钱，戒赌,投稿人与赌博人断绝联系，赌博人继续赌博，父母继续承担债务,投稿人报警后，赌博人消停,准备向父母坦白,想要还清债务，慢慢补偿家里,不详,未提及,,决定不再赌博，需要为家人做一些事情,未提及,老婆因还不起债务被爆通讯录，家庭关系破裂，面临离婚,坦白后父母表示支持，希望其上岸,未提供,戒赌，不再碰赌博，踏踏实实工作,未提及,未提及,未提及,未提及,上岸,未提及,未提供,未提及,决定戒赌，调节作息时间，正常工作还完网贷，开始正常生活,未提及,,戒赌，重新振作,分手，失联,父亲坐牢,未提供,向父母坦白，获得原谅,,父母表示支持，希望其继续学业,决定不再赌博，计划结婚，家人帮助还债,向母亲坦白，母亲帮助还债,未提及,未知,未提供,,分居中，快一年,全面逾期，工资卡被冻结，生活困难，三家银行起诉，两家电请了强制执行,离婚，妻子带走孩子,未提及,与投稿人分手，继续赌博,未提供,家人不再管他，电话无法正常使用,戒赌，停止赌博,未提及,自杀,未知,未提及,未提供具体结局,未提及,戒赌，计划还债,亏了八九万，决定不再赌博,未提及,戒赌，找兼职还债,未提供,家庭破碎，被迫和家人分离，欠债120万,决定戒赌，正在努力上岸,继续撒谎假装自己在工作，可能还在网赌,未提供,戒赌，不再赌博,不明确,未提及,与投稿人分手，债务未清,未提及,,戒赌，不再借贷，感觉好很多,成功上岸,自杀,不明,未知,未明确说明,正在打工还债，考虑放弃学业,退出赌博圈子，通过工作还债，还欠7万,输光所有钱，网贷也借不出了，360已经拒绝了我的贷款,戒赌，去工地打工，函授本科考证,未提供,家人帮助还清债务，在家抬不起头,未提及,脱坑及时,编制没了，车子房子都卖了，离婚，找新女友，新女友卖了房子帮他还债，最后分手,戒赌后还欠1万左右,每个月凑钱给朋友还清了贷款,意识到赌博的危害，决定不再参与,跑路,戒赌，正常生活,坦白后感到轻松，父母帮忙还债,未提供,未提供,决定不赌，考虑是否向父母坦白,决定不赌了,未提及,嫂子离婚，两个小外甥受影响,输光了所有，母亲含泪不理解,戒赌,未提及,未提及,失联，去向不明,未提及,决定戒赌，向家人坦白,与投稿人分手，父母不再帮忙还债,决定向父母坦白,分手,未提供,未提及,未提供,去国外打工,戒赌,未明确说明,未明确说明,未提及,未提及,未提及,未提及,未明确说明,未提及,已还清3个月分期，计划还清后关闭花呗和美团贷款,,戒赌,不详,未知,未提供,决定不再赌博，已还清欠款3000+,正在努力工作还债,未提及,,未提及,未明确说明,希望没有人步我后路,家人帮助还清债务，重新找到工作，开始存钱,未知,,未提及,自杀（从18楼跳下）,做回正常人，永不参赌,戒赌,妻子决定离婚，不再承担债务,分手并拉黑所有联系方式,未提及,未知,不详,不详,坦白后生不如死，但家人希望其早日坦白,戒赌，有不错的工作，收入高,未提及,未提及,未提及,朋友帮助还债，计划跟随朋友工作还钱,自杀，留下债务和女儿,决定不再赌博，给父母打了欠条，计划每月还款,未知,被骗43万,被诱导借贷，陷入债务,报警，钱款无法追回,决定去工厂打工,妻子已起诉离婚，家庭即将散,未知,决心戒赌,未提及,离婚，债务自己背,被逮捕，服刑6个月,父亲回来后遭到混合双打，胳膊可能断了，送医院治疗,未提及,父亲不再管他，赌博人继续赌博,未提供,离婚，仍在还债中,未提及,不详,婚姻危机，面临离婚,与另一女人结婚，与前妻（姑姑）离婚,退婚，投稿人已摆脱赌博人,决定坦白，计划还清债务,未提及,自杀,投河自杀,决定戒赌，寻求改变,分手，生活食不果腹,投河自尽,离婚,,不详,,离婚，净身出户，离婚不离家,未提及,未提及,被公安问话拘留，银行卡被冻结，改过自新一段时间,未提供,被骗两万二，家庭知情，报警与否未决定,未知,未提供具体信息,失联,欠债/休学/退学,输掉所有存款和借款，女朋友最近也不理他，感到绝望,与小三同居，后被妻子发现，多次试图和解，最终未离婚,向父亲坦白，寻求帮助,父母帮他还上了赌债，但不再给他钱，他没有地方去，也没有钱,离家出走，考虑离婚,不详,,已还清债务，不再赌博,因涉及盗窃被监禁，后在工厂工作,,未提供,决定戒赌，计划一两年时间努力吃苦送外卖还清债务,自杀,未明确说明,仍在赌博，但尝试工作，生活状态不稳定,未知,用50元翻了50倍，有了这笔钱可以抗下网贷，决定珍惜机会好好生活,未提及，但目前仍在赌博,未知,离婚,未提及,离婚程序中，赌博人父母已给钱平账，赌博人保证戒赌,不详,无明显改过自新迹象，继续赌博导致负债累累,目前仍在努力偿还债务，尚未有明确结局,离婚，孩子抚养权归投稿人，赌博人每月支付500元抚养费,未提供具体结局,与外公外婆关系疏远，生活困难,未提供,休学，家庭关系紧张,瘫痪，被子女看管，每月仅得到胰岛素费用,不详,彻底躺下,未提及,未提及,,未离婚，继续赌博,停止赌博，离开赌场,不详,未提及,不明,未提供,,未知,,,认识到赌博的危害，决定向父母坦白，申请了赌场禁入令和网上赌博限制名单,被裁员，与女朋友分手，父母帮助还债，自己找工作还款,未提及,正在戒赌，已将钱转给朋友管理,离婚，流产，离婚证拿到,被公司收缴签证，回国,,父母帮助还债，戒赌，重新开始新生活,投稿人与赌博人分手，投稿人父亲帮助还清债务,被抓，判刑三年半,未提供,不详,远离网赌加网贷两个月，注销相关账户，尝试恢复正常生活,被公司劝退，靠打零工维持生活，名声差,离家出走，留下4岁女儿和刚出生的儿子给外公照看,退学，未找到稳定工作，靠母亲给钱过日子
